StartDate,EndDate,Status,IPAddress,Progress,Duration (in seconds),Finished,RecordedDate,ResponseId,RecipientLastName,RecipientFirstName,RecipientEmail,ExternalReference,LocationLatitude,LocationLongitude,DistributionChannel,UserLanguage,A_VE_AW_1,A_VE_AW_2,A_VE_AW_3_1,A_VE_AW_3_2,A_VE_AW_3_3,A_VE_AW_3_4,A_VE_AW_3_5,A_VE_PI_1,A_VE_PI_2,A_VE_PI_3,A_VE_BI_1_1,A_VE_BI_1_2,A_VE_BI_1_3,A_VE_BI_1_4,A_VE_BI_1_5,Q61_1,Q61_2,Q61_3,Q61_4,Q61_5,Q61_6,A_AR_AW_1,A_AR_AW_2,A_AR_AW_3_1,A_AR_AW_3_2,A_AR_AW_3_3,A_AR_AW_3_4,A_AR_AW_3_5,A_AR_PI_1,A_AR_PI_2,A_AR_PI_3,A_AR_BI_1_1,A_AR_BI_1_2,A_AR_BI_1_3,A_AR_BI_1_4,A_AR_BI_1_5,Q61_1,Q61_2,Q61_3,Q61_4,Q61_5,Q61_6,B_AR_AW_1,B_AR_AW_2,B_AR_AW_3_1,B_AR_AW_3_2,B_AR_AW_3_3,B_AR_AW_3_4,B_AR_AW_3_5,B_AR_PI_1,B_AR_PI_2,B_AR_PI_3,B_AR_BI_1_1,B_AR_BI_1_2,B_AR_BI_1_3,B_AR_BI_1_4,B_AR_BI_1_5,Q63_1,Q63_2,Q63_3,Q63_4,Q63_5,Q63_6,B_VE_AW_1,B_VE_AW_2,B_VE_AW_3_1,B_VE_AW_3_2,B_VE_AW_3_3,B_VE_AW_3_4,B_VE_AW_3_5,B_VE_PI_1,B_VE_PI_2,B_VE_PI_3,B_VE_BI_1_1,B_VE_BI_1_2,B_VE_BI_1_3,B_VE_BI_1_4,B_VE_BI_1_5,Q65_1,Q65_2,Q65_3,Q65_4,Q65_5,Q65_6,C_AR_AW_1,C_AR_AW_2,C_AR_AW_3_1,C_AR_AW_3_2,C_AR_AW_3_3,C_AR_AW_3_4,C_AR_AW_3_5,C_AR_PI_1,C_AR_PI_2,C_AR_PI_3,C_AR_BI_1_1,C_AR_BI_1_2,C_AR_BI_1_3,C_AR_BI_1_4,C_AR_BI_1_5,Q60_1,Q60_2,Q60_3,Q60_4,Q60_5,Q60_6,C_NE_PI_1,C_NE_PI_2,C_NE_PI_3,C_NE_BI_1_1,C_NE_BI_1_2,C_NE_BI_1_3,C_NE_BI_1_4,C_NE_BI_1_5,Q54_1,Q54_2,Q54_3,Q54_4,Q54_5,Q54_6,D_1,D_2,D_3,D_4,D_5,D_6,D_7,survey_design
Start Date,End Date,Response Type,IP Address,Progress,Duration (in seconds),Finished,Recorded Date,Response ID,Recipient Last Name,Recipient First Name,Recipient Email,External Data Reference,Location Latitude,Location Longitude,Distribution Channel,User Language,"When you think of urban and versatile clothing, which brands come to mind? List as many as possible",Below is a list of urban brands. Please indicate which of these brands you have heard of (select all that apply).,Please indicate your level of agreement with each statement below - Some characteristics of Veilance come to my mind quickly.,Please indicate your level of agreement with each statement below - I can recognize Veilance quickly among other competing brands.,"Please indicate your level of agreement with each statement below - I have seen different advertisements for Veilance in TV, Magazine, Newspaper, Internet and etc.",Please indicate your level of agreement with each statement below - I am familiar with Veilance.,Please indicate your level of agreement with each statement below - I can quickly recall the symbol or logo of the Veilance.,Please indicate your level of agreement with each statement below. - I will buy from Veilance in the near future.,Please indicate your level of agreement with each statement below. - I would consider buying from Veilance in the future.,Please indicate your level of agreement with each statement below. - I have intention to buy Veilance in the future.,Please indicate your level of agreement with each statement below. - Veilance Name and Image attract me to purchase.,Please indicate your level of agreement with each statement below. - Veilance expresses my personality.,Please indicate your level of agreement with each statement below. - Veilance targets high-income level.,Please indicate your level of agreement with each statement below. - Veilance increases the respectability of a user.,Please indicate your level of agreement with each statement below. - Veilance makes a person feels good.,Please rate to what extent you agree with each of the following statements. - Veilance is Stylish,Please rate to what extent you agree with each of the following statements. - Veilance is Minimalist,Please rate to what extent you agree with each of the following statements. - Veilance is Rugged,Please rate to what extent you agree with each of the following statements. - Veilance is Technical,Please rate to what extent you agree with each of the following statements. - Veilance is Edgy,Please rate to what extent you agree with each of the following statements. - Veilance is Urban,"When you think of outdoor and functional clothing, which brands come to mind? List as many as possible",Below is a list of outdoor brands. Please indicate which of these brands you have heard of (select all that apply).,Please indicate your level of agreement with each statement below - Some characteristics of Arc'teryx come to my mind quickly.,Please indicate your level of agreement with each statement below - I can recognize Arc'teryx quickly among other competing brands.,"Please indicate your level of agreement with each statement below - I have seen different advertisements for Arc'teryx in TV, Magazine, Newspaper, Internet and etc.",Please indicate your level of agreement with each statement below - I am familiar with Arc'teryx.,Please indicate your level of agreement with each statement below - I can quickly recall the symbol or logo of the Arc'teryx.,Please indicate your level of agreement with each statement below. - I will buy from Arc'teryx in the near future.,Please indicate your level of agreement with each statement below. - I would consider buying from Arc'teryx in the future.,Please indicate your level of agreement with each statement below. - I have intention to buy Arc'teryx in the future.,Please indicate your level of agreement with each statement below. - Arc'teryx Name and Image attract me to purchase.,Please indicate your level of agreement with each statement below. - Arc'teryx expresses my personality.,Please indicate your level of agreement with each statement below. - Arc'teryx targets high-income level.,Please indicate your level of agreement with each statement below. - Arc'teryx increases the respectability of a user.,Please indicate your level of agreement with each statement below. - Arc'teryx makes a person feels good.,Please indicate your level of agreement with each statement below - Arc'teryx is Stylish,Please indicate your level of agreement with each statement below - Arc'teryx is Minimalist,Please indicate your level of agreement with each statement below - Arc'teryx is Rugged,Please indicate your level of agreement with each statement below - Arc'teryx is Technical,Please indicate your level of agreement with each statement below - Arc'teryx is Edgy,Please indicate your level of agreement with each statement below - Arc'teryx is Urban,"When you think of outdoor and functional clothing, which brands come to mind? List as many as possible",Below is a list of outdoor brands. Please indicate which of these brands you have heard of (select all that apply).,Please indicate your level of agreement with each statement below - Some characteristics of Arc'teryx come to my mind quickly.,Please indicate your level of agreement with each statement below - I can recognize Arc'teryx quickly among other competing brands.,"Please indicate your level of agreement with each statement below - I have seen different advertisements for Arc'teryx in TV, Magazine, Newspaper, Internet and etc.",Please indicate your level of agreement with each statement below - I am familiar with Arc'teryx.,Please indicate your level of agreement with each statement below - I can quickly recall the symbol or logo of the Arc'teryx.,Please indicate your level of agreement with each statement below. - I will buy from Arc'teryx in the near future.,Please indicate your level of agreement with each statement below. - I would consider buying from Arc'teryx in the future.,Please indicate your level of agreement with each statement below. - I have intention to buy Arc'teryx in the future.,Please indicate your level of agreement with each statement below. - Arc'teryx Name and Image attract me to purchase.,Please indicate your level of agreement with each statement below. - Arc'teryx expresses my personality.,Please indicate your level of agreement with each statement below. - Arc'teryx targets high-income level.,Please indicate your level of agreement with each statement below. - Arc'teryx increases the respectability of a user.,Please indicate your level of agreement with each statement below. - Arc'teryx makes a person feels good.,Please indicate your level of agreement with each statement below. - Arc'teryx is Stylish,Please indicate your level of agreement with each statement below. - Arc'teryx is Minimalist,Please indicate your level of agreement with each statement below. - Arc'teryx is Rugged,Please indicate your level of agreement with each statement below. - Arc'teryx is Technical,Please indicate your level of agreement with each statement below. - Arc'teryx is Edgy,Please indicate your level of agreement with each statement below. - Arc'teryx is Urban,"When you think of urban and versatile clothing, which brands come to mind? List as many as possible",Below is a list of urban brands. Please indicate which of these brands you have heard of (select all that apply).,Please indicate your level of agreement with each statement below - Some characteristics of Veilance come to my mind quickly.,Please indicate your level of agreement with each statement below - I can recognize Veilance quickly among other competing brands.,"Please indicate your level of agreement with each statement below - I have seen different advertisements for Veilance in TV, Magazine, Newspaper, Internet and etc.",Please indicate your level of agreement with each statement below - I am familiar with Veilance.,Please indicate your level of agreement with each statement below - I can quickly recall the symbol or logo of the Veilance.,Please indicate your level of agreement with each statement below. - I will buy from Veilance in the near future.,Please indicate your level of agreement with each statement below. - I would consider buying from Veilance in the future.,Please indicate your level of agreement with each statement below. - I have intention to buy Veilance in the future.,Please indicate your level of agreement with each statement below. - Veilance Name and Image attract me to purchase.,Please indicate your level of agreement with each statement below. - Veilance expresses my personality.,Please indicate your level of agreement with each statement below. - Veilance targets high-income level.,Please indicate your level of agreement with each statement below. - Veilance increases the respectability of a user.,Please indicate your level of agreement with each statement below. - Veilance makes a person feels good.,Please rate to what extent you agree with each of the following statements. - Veilance is Stylish,Please rate to what extent you agree with each of the following statements. - Veilance is Minimalist,Please rate to what extent you agree with each of the following statements. - Veilance is Rugged,Please rate to what extent you agree with each of the following statements. - Veilance is Technical,Please rate to what extent you agree with each of the following statements. - Veilance is Edgy,Please rate to what extent you agree with each of the following statements. - Veilance is Urban,"When you think of outdoor and functional clothing, which brands come to mind? List as many as possible",Below is a list of outdoor brands. Please indicate which of these brands you have heard of (select all that apply).,Please indicate your level of agreement with each statement below - Some characteristics of Arc'teryx come to my mind quickly.,Please indicate your level of agreement with each statement below - I can recognize Arc'teryx quickly among other competing brands.,"Please indicate your level of agreement with each statement below - I have seen different advertisements for Arc'teryx in TV, Magazine, Newspaper, Internet and etc.",Please indicate your level of agreement with each statement below - I am familiar with Arc'teryx.,Please indicate your level of agreement with each statement below - I can quickly recall the symbol or logo of the Arc'teryx.,Please indicate your level of agreement with each statement below. - I will buy from Arc'teryx in the near future.,Please indicate your level of agreement with each statement below. - I would consider buying from Arc'teryx in the future.,Please indicate your level of agreement with each statement below. - I have intention to buy Arc'teryx in the future.,Please indicate your level of agreement with each statement below. - Arc'teryx Name and Image attract me to purchase.,Please indicate your level of agreement with each statement below. - Arc'teryx expresses my personality.,Please indicate your level of agreement with each statement below. - Arc'teryx targets high-income level.,Please indicate your level of agreement with each statement below. - Arc'teryx increases the respectability of a user.,Please indicate your level of agreement with each statement below. - Arc'teryx makes a person feels good.,Please rate to what extent you agree with each of the following statements. - Arc'teryx is Stylish,Please rate to what extent you agree with each of the following statements. - Arc'teryx is Minimalist,Please rate to what extent you agree with each of the following statements. - Arc'teryx is Rugged,Please rate to what extent you agree with each of the following statements. - Arc'teryx is Techical,Please rate to what extent you agree with each of the following statements. - Arc'teryx is Edgy,Please rate to what extent you agree with each of the following statements. - Arc'teryx is Urban,Please indicate your level of agreement with each statement below. - I will buy from Vetrax in the near future.,Please indicate your level of agreement with each statement below. - I would consider buying from Vetrax in the future.,Please indicate your level of agreement with each statement below. - I have intention to buy Vetrax in the future.,Please indicate your level of agreement with each statement below. - Vetrax Name and Image attract me to purchase.,Please indicate your level of agreement with each statement below. - Vetrax expresses my personality.,Please indicate your level of agreement with each statement below. - Vetrax targets high-income level.,Please indicate your level of agreement with each statement below. - Vetrax increases the respectability of a user.,Please indicate your level of agreement with each statement below. - Vetrax makes a person feels good.,Please rate to what extent you agree with each of the following statements. - Vetrax is Stylish,Please rate to what extent you agree with each of the following statements. - Vetrax is Minimalist,Please rate to what extent you agree with each of the following statements. - Vetrax is Rugged,Please rate to what extent you agree with each of the following statements. - Vetrax is Techical,Please rate to what extent you agree with each of the following statements. - Vetrax is Edgy,Please rate to what extent you agree with each of the following statements. - Vetrax is Urban,What is your age?,What is your gender?,What is your Monthly Disposable Income? (excluding rent),How often do you shop for clothing?,How much do you normally spend on a clothing item?,Where do you primarily shop for clothing? (Select all that apply),What is your primary motivation when purchasing clothing? (Select all that apply),survey_design
"{""ImportId"":""startDate"",""timeZone"":""Europe/London""}","{""ImportId"":""endDate"",""timeZone"":""Europe/London""}","{""ImportId"":""status""}","{""ImportId"":""ipAddress""}","{""ImportId"":""progress""}","{""ImportId"":""duration""}","{""ImportId"":""finished""}","{""ImportId"":""recordedDate"",""timeZone"":""Europe/London""}","{""ImportId"":""_recordId""}","{""ImportId"":""recipientLastName""}","{""ImportId"":""recipientFirstName""}","{""ImportId"":""recipientEmail""}","{""ImportId"":""externalDataReference""}","{""ImportId"":""locationLatitude""}","{""ImportId"":""locationLongitude""}","{""ImportId"":""distributionChannel""}","{""ImportId"":""userLanguage""}","{""ImportId"":""QID25_TEXT""}","{""ImportId"":""QID26""}","{""ImportId"":""QID27_1""}","{""ImportId"":""QID27_2""}","{""ImportId"":""QID27_3""}","{""ImportId"":""QID27_4""}","{""ImportId"":""QID27_5""}","{""ImportId"":""QID29_1""}","{""ImportId"":""QID29_2""}","{""ImportId"":""QID29_3""}","{""ImportId"":""QID30_1""}","{""ImportId"":""QID30_2""}","{""ImportId"":""QID30_3""}","{""ImportId"":""QID30_4""}","{""ImportId"":""QID30_5""}","{""ImportId"":""QID62_1""}","{""ImportId"":""QID62_2""}","{""ImportId"":""QID62_3""}","{""ImportId"":""QID62_4""}","{""ImportId"":""QID62_5""}","{""ImportId"":""QID62_6""}","{""ImportId"":""QID2_TEXT""}","{""ImportId"":""QID8""}","{""ImportId"":""QID5_1""}","{""ImportId"":""QID5_2""}","{""ImportId"":""QID5_3""}","{""ImportId"":""QID5_4""}","{""ImportId"":""QID5_5""}","{""ImportId"":""QID1_1""}","{""ImportId"":""QID1_2""}","{""ImportId"":""QID1_3""}","{""ImportId"":""QID6_1""}","{""ImportId"":""QID6_2""}","{""ImportId"":""QID6_3""}","{""ImportId"":""QID6_4""}","{""ImportId"":""QID6_5""}","{""ImportId"":""QID61_1""}","{""ImportId"":""QID61_2""}","{""ImportId"":""QID61_3""}","{""ImportId"":""QID61_4""}","{""ImportId"":""QID61_5""}","{""ImportId"":""QID61_6""}","{""ImportId"":""QID11_TEXT""}","{""ImportId"":""QID12""}","{""ImportId"":""QID13_1""}","{""ImportId"":""QID13_2""}","{""ImportId"":""QID13_3""}","{""ImportId"":""QID13_4""}","{""ImportId"":""QID13_5""}","{""ImportId"":""QID15_1""}","{""ImportId"":""QID15_2""}","{""ImportId"":""QID15_3""}","{""ImportId"":""QID16_1""}","{""ImportId"":""QID16_2""}","{""ImportId"":""QID16_3""}","{""ImportId"":""QID16_4""}","{""ImportId"":""QID16_5""}","{""ImportId"":""QID65_1""}","{""ImportId"":""QID65_2""}","{""ImportId"":""QID65_3""}","{""ImportId"":""QID65_4""}","{""ImportId"":""QID65_5""}","{""ImportId"":""QID65_6""}","{""ImportId"":""QID32_TEXT""}","{""ImportId"":""QID33""}","{""ImportId"":""QID34_1""}","{""ImportId"":""QID34_2""}","{""ImportId"":""QID34_3""}","{""ImportId"":""QID34_4""}","{""ImportId"":""QID34_5""}","{""ImportId"":""QID36_1""}","{""ImportId"":""QID36_2""}","{""ImportId"":""QID36_3""}","{""ImportId"":""QID37_1""}","{""ImportId"":""QID37_2""}","{""ImportId"":""QID37_3""}","{""ImportId"":""QID37_4""}","{""ImportId"":""QID37_5""}","{""ImportId"":""QID66_1""}","{""ImportId"":""QID66_2""}","{""ImportId"":""QID66_3""}","{""ImportId"":""QID66_4""}","{""ImportId"":""QID66_5""}","{""ImportId"":""QID66_6""}","{""ImportId"":""QID18_TEXT""}","{""ImportId"":""QID19""}","{""ImportId"":""QID20_1""}","{""ImportId"":""QID20_2""}","{""ImportId"":""QID20_3""}","{""ImportId"":""QID20_4""}","{""ImportId"":""QID20_5""}","{""ImportId"":""QID22_1""}","{""ImportId"":""QID22_2""}","{""ImportId"":""QID22_3""}","{""ImportId"":""QID23_1""}","{""ImportId"":""QID23_2""}","{""ImportId"":""QID23_3""}","{""ImportId"":""QID23_4""}","{""ImportId"":""QID23_5""}","{""ImportId"":""QID60_1""}","{""ImportId"":""QID60_2""}","{""ImportId"":""QID60_3""}","{""ImportId"":""QID60_4""}","{""ImportId"":""QID60_5""}","{""ImportId"":""QID60_6""}","{""ImportId"":""QID43_1""}","{""ImportId"":""QID43_2""}","{""ImportId"":""QID43_3""}","{""ImportId"":""QID44_1""}","{""ImportId"":""QID44_2""}","{""ImportId"":""QID44_3""}","{""ImportId"":""QID44_4""}","{""ImportId"":""QID44_5""}","{""ImportId"":""QID54_1""}","{""ImportId"":""QID54_2""}","{""ImportId"":""QID54_3""}","{""ImportId"":""QID54_4""}","{""ImportId"":""QID54_5""}","{""ImportId"":""QID54_6""}","{""ImportId"":""QID46""}","{""ImportId"":""QID47""}","{""ImportId"":""QID48""}","{""ImportId"":""QID49""}","{""ImportId"":""QID50""}","{""ImportId"":""QID51""}","{""ImportId"":""QID52""}","{""ImportId"":""survey_design""}"
2025-03-15 19:08:30,2025-03-15 19:15:01,IP Address,84.9.85.84,100,391,True,2025-03-15 19:15:02,R_8SrAqgdzuaC6Gdm,,,,,51.5017,-0.0617,anonymous,EN,,,,,,,,,,,,,,,,,,,,,,,,,,,,,,,,,,,,,,,,,,,,,,,,,,,,,,,,,,,,,,,,,,,,,,,,,,,,,,,,,,,,,"Barbour, Arcteryx","The North Face,Patagonia,Arc'teryx",Strongly agree,Strongly agree,Strongly agree,Strongly agree,Strongly agree,Strongly agree,Strongly agree,Strongly agree,Strongly agree,Strongly agree,Strongly agree,Strongly agree,Strongly agree,Strongly agree,Strongly agree,Agree,Agree,Agree,Agree,Somewhat agree,Somewhat agree,Somewhat agree,Neither agree nor disagree,Neither agree nor disagree,Somewhat agree,Neither agree nor disagree,Somewhat agree,Somewhat agree,Somewhat agree,Somewhat agree,Somewhat agree,Agree,Agree,18–24,Female,"£1,500 - £2,000",Monthly,£200-£500,"Online retailers,Luxury boutiques,Department stores","Style/fashion trends,Comfort,Price",C
2025-03-15 19:32:06,2025-03-15 19:41:29,IP Address,86.121.140.190,100,562,True,2025-03-15 19:41:29,R_2kKTQ2VLShgLbVo,,,,,44.447,26.0185,anonymous,EN,,,,,,,,,,,,,,,,,,,,,,,,,,,,,,,,,,,,,,,,,,,,,,,,,,,,,,,,,,,,,,,,,,,,,,,,,,,,,,,,,,,,,"Nike, The North Face, Asics, Patagonia, Arc’teryx, Zara Move, Salmon","The North Face,Patagonia,Columbia,Salomon,Mammut,Quachua,Jack Wolfskin,Arc'teryx",Strongly agree,Agree,Strongly disagree,Strongly agree,Strongly agree,Somewhat agree,Strongly agree,Strongly agree,Somewhat agree,Somewhat disagree,Agree,Neither agree nor disagree,Somewhat agree,Neither agree nor disagree,Somewhat agree,Agree,Strongly agree,Somewhat disagree,Strongly disagree,Strongly disagree,Strongly disagree,Strongly disagree,Disagree,Disagree,Agree,Neither agree nor disagree,Neither agree nor disagree,Somewhat agree,Somewhat agree,Disagree,Disagree,Somewhat agree,Strongly agree,18–24,Male,"£500 - £1,000",Every few months,£50–£100,"Online retailers,Fast fashion brands,Sustainable fashion brands","Style/fashion trends,Comfort,Price",C
2025-03-15 19:48:26,2025-03-15 19:53:38,IP Address,31.205.78.126,100,311,True,2025-03-15 19:53:38,R_8FzUF2Kmm86Jac2,,,,,53.4096,-2.9792,anonymous,EN,,,,,,,,,,,,,,,,,,,,,,,,,,,,,,,,,,,,,,,,,,,,,,,,,,,,,,,,,,,,,,,,,,,,,,,,,,,,,,,,,,,,,"Nike patagonia decathlon northface ","The North Face,Patagonia,Jack Wolfskin",Strongly disagree,Strongly disagree,Strongly disagree,Strongly disagree,Strongly disagree,Somewhat disagree,Somewhat agree,Somewhat disagree,Neither agree nor disagree,Somewhat disagree,Somewhat agree,Somewhat agree,Neither agree nor disagree,Somewhat agree,Somewhat agree,Somewhat disagree,Agree,Somewhat agree,Somewhat agree,Disagree,Somewhat disagree,Somewhat disagree,Neither agree nor disagree,Neither agree nor disagree,Somewhat agree,Neither agree nor disagree,Neither agree nor disagree,Somewhat agree,Somewhat agree,Neither agree nor disagree,Neither agree nor disagree,Agree,Agree,18–24,Female,Below £500,Rarely,Under £25,"Online retailers,Department stores","Style/fashion trends,Comfort,Price",C
2025-03-15 20:00:09,2025-03-15 20:07:03,IP Address,5.151.49.51,100,414,True,2025-03-15 20:07:03,R_8qEZPnshB55t31j,,,,,51.5113,-0.2714,anonymous,EN,,,,,,,,,,,,,,,,,,,,,,,,,,,,,,,,,,,,,,,,,,,,,,,,,,,,,,,,,,,,,,,,,,,,,,,,,,,,,,,,,,,,,"The north face, Patagonia, Nike, Adidas, Puma, Columbia ","The North Face,Patagonia,Columbia,Jack Wolfskin",Strongly disagree,Strongly disagree,Strongly disagree,Strongly disagree,Strongly disagree,Neither agree nor disagree,Neither agree nor disagree,Neither agree nor disagree,Somewhat disagree,Neither agree nor disagree,Somewhat agree,Neither agree nor disagree,Neither agree nor disagree,Neither agree nor disagree,Agree,Neither agree nor disagree,Neither agree nor disagree,Somewhat disagree,Somewhat disagree,Somewhat disagree,Somewhat disagree,Somewhat disagree,Somewhat disagree,Somewhat disagree,Somewhat agree,Neither agree nor disagree,Neither agree nor disagree,Neither agree nor disagree,Somewhat agree,Neither agree nor disagree,Neither agree nor disagree,Neither agree nor disagree,Neither agree nor disagree,18–24,Female,"£1,000 - £1,500",Every few months,£100–£200,"Department stores,Other","Style/fashion trends,Comfort,Price,Brand reputation",C
2025-03-15 20:24:04,2025-03-15 20:28:47,IP Address,172.226.114.3,100,283,True,2025-03-15 20:28:48,R_2M9FCgXrQW5V5z3,,,,,51.5081,-0.1278,anonymous,EN,"Susamua, prachy den","Stussy,Stone Island,Carhartt",Strongly disagree,Strongly disagree,Strongly disagree,Strongly disagree,Strongly disagree,Strongly disagree,Strongly disagree,Strongly disagree,Strongly disagree,Strongly disagree,Strongly disagree,Strongly disagree,Strongly disagree,Agree,Strongly agree,Disagree,Agree,Disagree,Agree,"Arcteryx, haglöfs, north face, pategonia","The North Face,Patagonia,Columbia,Salomon,Mammut,Quachua,Jack Wolfskin,Helly Hensen,Arc'teryx",Strongly agree,Strongly agree,Disagree,Strongly agree,Strongly agree,Agree,Agree,Agree,Strongly agree,Agree,Strongly agree,Disagree,Somewhat agree,Strongly agree,Strongly agree,Somewhat disagree,Strongly agree,Strongly disagree,Somewhat disagree,,,,,,,,,,,,,,,,,,,,,,,,,,,,,,,,,,,,,,,,,,,,,,,,,,,,,,,,,,,,,,,,,,,,,,,,,,,,,,25–34,Female,"£1,000 - £1,500",Every few months,£50–£100,"Online retailers,Sustainable fashion brands","Style/fashion trends,Comfort,Price,Sustainability",A
2025-03-15 20:24:00,2025-03-15 20:31:10,IP Address,172.224.227.74,100,429,True,2025-03-15 20:31:10,R_2XtAMCNLRnJNSHD,,,,,54.9742,-1.615,anonymous,EN,"Reformation, cos, sezane, etc. ","On,Stussy,Carhartt",Strongly disagree,Strongly disagree,Strongly disagree,Strongly disagree,Strongly disagree,Disagree,Disagree,Disagree,Neither agree nor disagree,Disagree,Agree,Neither agree nor disagree,Neither agree nor disagree,Somewhat agree,Somewhat agree,Somewhat agree,Somewhat agree,Somewhat agree,Somewhat agree,"Artery’x, North Face, Patagonia, Stussy, ","The North Face,Patagonia,Columbia,Salomon,Arc'teryx",Agree,Agree,Disagree,Agree,Agree,Neither agree nor disagree,Agree,Neither agree nor disagree,Agree,Neither agree nor disagree,Agree,Neither agree nor disagree,Neither agree nor disagree,Somewhat agree,Somewhat agree,Somewhat agree,Somewhat agree,Somewhat agree,Somewhat agree,,,,,,,,,,,,,,,,,,,,,,,,,,,,,,,,,,,,,,,,,,,,,,,,,,,,,,,,,,,,,,,,,,,,,,,,,,,,,,18–24,Female,Below £500,Every few months,£50–£100,"Online retailers,Sustainable fashion brands",Style/fashion trends,A
2025-03-15 20:28:58,2025-03-15 20:37:53,IP Address,31.14.249.19,100,534,True,2025-03-15 20:37:53,R_8v6M30cB2z00DFT,,,,,51.5086,-0.053,anonymous,EN,,,,,,,,,,,,,,,,,,,,,,,,,,,,,,,,,,,,,,,,,,,"North face, Salomon, Patagonia","The North Face,Patagonia,Columbia,Salomon,Jack Wolfskin,Arc'teryx",Agree,Agree,Agree,Strongly agree,Strongly agree,Agree,Strongly agree,Agree,Somewhat agree,Agree,Agree,Agree,Agree,Somewhat agree,Neither agree nor disagree,Somewhat agree,Somewhat agree,Somewhat agree,Somewhat disagree,"Cos, Uniqlo, Carhatt, Stussy","On,Undercover,Stussy,Stone Island,Carhartt",Disagree,Strongly disagree,Strongly disagree,Disagree,Strongly disagree,Somewhat agree,Somewhat agree,Somewhat agree,Neither agree nor disagree,Somewhat agree,Agree,Neither agree nor disagree,Neither agree nor disagree,Somewhat disagree,Agree,Neither agree nor disagree,Somewhat agree,Somewhat disagree,Somewhat agree,,,,,,,,,,,,,,,,,,,,,,,,,,,,,,,,,,,,18–24,Female,"£1,500 - £2,000",Monthly,£100–£200,"Online retailers,Department stores","Style/fashion trends,Comfort,Brand reputation",B
2025-03-15 20:41:10,2025-03-15 20:48:43,IP Address,148.252.157.241,100,452,True,2025-03-15 20:48:43,R_2mUvP7qfI0jB2RH,,,,,51.4964,-0.1224,anonymous,EN,,,,,,,,,,,,,,,,,,,,,,,,,,,,,,,,,,,,,,,,,,,,,,,,,,,,,,,,,,,,,,,,,,,,,,,,,,,,,,,,,,,,,"Canada Goose, North Face, Nike","The North Face,Patagonia,Salomon,Mammut,Arc'teryx",Strongly disagree,Strongly disagree,Strongly disagree,Strongly disagree,Strongly disagree,Somewhat agree,Somewhat agree,Somewhat disagree,Agree,Agree,Agree,Neither agree nor disagree,Neither agree nor disagree,Somewhat agree,Somewhat agree,Disagree,Somewhat agree,Strongly disagree,Strongly disagree,Strongly disagree,Strongly disagree,Strongly disagree,Somewhat disagree,Strongly disagree,Disagree,Strongly disagree,Neither agree nor disagree,Somewhat disagree,Neither agree nor disagree,Strongly disagree,Disagree,Strongly agree,Agree,18–24,Male,"£500 - £1,000",Every few months,£50–£100,Department stores,"Style/fashion trends,Comfort,Brand reputation",C
2025-03-15 20:48:50,2025-03-15 21:08:47,IP Address,85.255.236.76,100,1197,True,2025-03-15 21:08:48,R_2BrqFFDoMKFfKEc,,,,,51.4964,-0.1224,anonymous,EN,,,,,,,,,,,,,,,,,,,,,,,,,,,,,,,,,,,,,,,,,,,,,,,,,,,,,,,,,,,,,,,,,,,,,,,,,,,,,,,,,,,,,"Arcteryx, Salomon, Mammut, ummmmmm probably some others too ","The North Face,Patagonia,Columbia,Salomon,Mammut,Jack Wolfskin,Arc'teryx",Strongly agree,Strongly agree,Agree,Strongly agree,Strongly agree,Somewhat disagree,Strongly agree,Somewhat agree,Strongly agree,Strongly disagree,Agree,Somewhat agree,Neither agree nor disagree,Somewhat agree,Agree,Somewhat agree,Strongly agree,Strongly disagree,Strongly disagree,Strongly disagree,Strongly disagree,Strongly disagree,Strongly disagree,Strongly disagree,Neither agree nor disagree,Strongly disagree,Strongly disagree,Strongly disagree,Neither agree nor disagree,Neither agree nor disagree,Strongly disagree,Somewhat agree,Strongly agree,18–24,Male,"£2,000 - £2,500",Weekly,£200-£500,"Online retailers,Luxury boutiques,Department stores","Comfort,Brand reputation",C
2025-03-15 22:00:16,2025-03-15 22:04:51,IP Address,62.232.118.210,100,274,True,2025-03-15 22:04:51,R_2GviqpckTIfF8Yj,,,,,51.5902,0.2015,anonymous,EN,,,,,,,,,,,,,,,,,,,,,,,,,,,,,,,,,,,,,,,,,,,"The North Face, Patagonia, ArcTeryx, Peak Performance, Helly Hansen","The North Face,Berrghaus,Patagonia,Columbia,Salomon,Mammut,Quachua,Jack Wolfskin,Black Diamond,Helly Hensen,Arc'teryx",Agree,Strongly agree,Somewhat agree,Agree,Strongly agree,Somewhat agree,Agree,Somewhat agree,Somewhat agree,Somewhat agree,Strongly agree,Strongly disagree,Agree,Somewhat agree,Strongly agree,Strongly disagree,Somewhat agree,Strongly disagree,Somewhat agree,"Columbia, Gramicci","On,Stussy,Stone Island,Carhartt",Strongly disagree,Strongly disagree,Strongly disagree,Strongly disagree,Strongly disagree,Strongly disagree,Strongly disagree,Strongly disagree,Somewhat agree,Disagree,Strongly agree,Strongly disagree,Agree,Agree,Agree,Strongly disagree,Agree,Strongly disagree,Somewhat agree,,,,,,,,,,,,,,,,,,,,,,,,,,,,,,,,,,,,18–24,Male,"£1,000 - £1,500",Monthly,£50–£100,"Online retailers,Luxury boutiques,Department stores,Fast fashion brands,Sustainable fashion brands","Style/fashion trends,Comfort,Price,Brand reputation,Sustainability",B
2025-03-15 22:15:43,2025-03-15 22:27:46,IP Address,143.58.167.59,100,722,True,2025-03-15 22:27:46,R_8zl4960EX16I1Rn,,,,,51.5064,-0.02,anonymous,EN,,,,,,,,,,,,,,,,,,,,,,,,,,,,,,,,,,,,,,,,,,,,,,,,,,,,,,,,,,,,,,,,,,,,,,,,,,,,,,,,,,,,,"north face, patagonia, ","The North Face,Patagonia,Columbia,Mammut,Jack Wolfskin,Arc'teryx",Neither agree nor disagree,Somewhat agree,Somewhat disagree,Neither agree nor disagree,Strongly agree,Somewhat disagree,Somewhat agree,Neither agree nor disagree,Neither agree nor disagree,Disagree,Agree,Somewhat agree,Somewhat agree,Agree,Neither agree nor disagree,Disagree,Agree,Disagree,Disagree,Strongly disagree,Strongly disagree,Strongly disagree,Disagree,Disagree,Strongly agree,Neither agree nor disagree,Neither agree nor disagree,Neither agree nor disagree,Agree,Neither agree nor disagree,Disagree,Disagree,Agree,18–24,Female,"£500 - £1,000",Every few months,£50–£100,Other,"Style/fashion trends,Price,Brand reputation,Sustainability",C
2025-03-15 23:05:51,2025-03-15 23:11:36,IP Address,78.148.220.221,100,344,True,2025-03-15 23:11:36,R_2iJVd77VO65ZMLY,,,,,51.5733,-0.3964,anonymous,EN,"Uniqlo, north face, Moncler","On,Undercover,Stussy,Stone Island,Carhartt",Strongly disagree,Strongly disagree,Strongly disagree,Strongly disagree,Strongly disagree,Somewhat disagree,Disagree,Disagree,Somewhat agree,Disagree,Neither agree nor disagree,Neither agree nor disagree,Neither agree nor disagree,Agree,Agree,Disagree,Disagree,Somewhat agree,Agree,"Arcteryx, Moncler, Moon boots, Patagonia ","The North Face,Patagonia,Salomon,Arc'teryx",Somewhat agree,Agree,Disagree,Neither agree nor disagree,Agree,Disagree,Disagree,Disagree,Somewhat agree,Strongly disagree,Neither agree nor disagree,Disagree,Somewhat agree,Neither agree nor disagree,Somewhat agree,Somewhat disagree,Strongly agree,Somewhat agree,Somewhat agree,,,,,,,,,,,,,,,,,,,,,,,,,,,,,,,,,,,,,,,,,,,,,,,,,,,,,,,,,,,,,,,,,,,,,,,,,,,,,,18–24,Female,"£500 - £1,000",Monthly,£50–£100,"Online retailers,Luxury boutiques,Fast fashion brands","Style/fashion trends,Comfort",A
2025-03-15 23:11:44,2025-03-15 23:22:08,IP Address,188.30.133.184,100,624,True,2025-03-15 23:22:08,R_8LdKmjGZuWjEuGl,,,,,51.5017,-0.0617,anonymous,EN,,,,,,,,,,,,,,,,,,,,,,,,,,,,,,,,,,,,,,,,,,,,,,,,,,,,,,,,,,,,,,,,,,,,,,,,,,,,,,,,,,,,,"Arterx, North Face, Patagonia, moncler, canada goose, mountain warehouse, norona, Colombia, salomon","The North Face,Berrghaus,Patagonia,Columbia,Salomon,Mammut,Quachua,Jack Wolfskin,Helly Hensen,Arc'teryx",Agree,Agree,Somewhat disagree,Agree,Agree,Somewhat agree,Somewhat agree,Disagree,Neither agree nor disagree,Neither agree nor disagree,Somewhat disagree,Somewhat disagree,Agree,Agree,Neither agree nor disagree,Disagree,Somewhat disagree,Somewhat agree,Agree,Disagree,Disagree,Disagree,Disagree,Disagree,Disagree,Disagree,Disagree,Agree,Neither agree nor disagree,Strongly disagree,Strongly disagree,Agree,Strongly agree,18–24,Non-binary / Gender fluid,"£1,500 - £2,000",Every few months,£50–£100,Online retailers,"Style/fashion trends,Comfort",C
2025-03-15 23:21:46,2025-03-15 23:30:23,IP Address,78.86.162.124,100,516,True,2025-03-15 23:30:23,R_2Q6OaHY0AJ6Lh3r,,,,,51.6509,-0.1439,anonymous,EN,,,,,,,,,,,,,,,,,,,,,,,,,,,,,,,,,,,,,,,,,,,,,,,,,,,,,,,,,,,,,,,,,,,,,,,,,,,,,,,,,,,,,"north face, mountain warehouse ","The North Face,Patagonia,Columbia,Helly Hensen",Strongly disagree,Strongly disagree,Strongly disagree,Strongly disagree,Strongly disagree,Strongly disagree,Strongly disagree,Strongly disagree,Strongly disagree,Strongly disagree,Agree,Strongly disagree,Agree,,Disagree,Neither agree nor disagree,Agree,Strongly disagree,Strongly disagree,Strongly disagree,Strongly disagree,Strongly disagree,Strongly disagree,Strongly disagree,Strongly disagree,Strongly disagree,Strongly disagree,Strongly disagree,Strongly disagree,Strongly disagree,Agree,Somewhat agree,Strongly disagree,18–24,Female,Below £500,Every few months,Under £25,"Online retailers,Sustainable fashion brands",Comfort,C
2025-03-15 23:41:08,2025-03-15 23:45:22,IP Address,172.56.218.79,100,253,True,2025-03-15 23:45:22,R_6b046aAqcOIbDAl,,,,,40.0149,-75.1439,anonymous,EN,"Zara, edikted, brandy","On,Stussy,Stone Island,Carhartt",Neither agree nor disagree,Somewhat disagree,Disagree,Disagree,Strongly disagree,Somewhat agree,Agree,Somewhat agree,Somewhat disagree,Disagree,Agree,Agree,Neither agree nor disagree,Agree,Strongly agree,Neither agree nor disagree,Agree,Agree,Strongly agree,"Arcteryx, northface, burton","The North Face,Patagonia,Columbia,Salomon,Arc'teryx",Strongly agree,Strongly agree,Agree,Strongly agree,Strongly agree,Strongly agree,Strongly agree,Strongly agree,Agree,Somewhat agree,Agree,Agree,Agree,Strongly agree,Somewhat agree,Neither agree nor disagree,Strongly agree,Somewhat agree,Strongly agree,,,,,,,,,,,,,,,,,,,,,,,,,,,,,,,,,,,,,,,,,,,,,,,,,,,,,,,,,,,,,,,,,,,,,,,,,,,,,,18–24,Female,"£1,000 - £1,500",Weekly,£100–£200,"Online retailers,Luxury boutiques,Fast fashion brands","Style/fashion trends,Comfort,Price",A
2025-03-16 01:37:00,2025-03-16 01:42:55,IP Address,62.30.9.1,100,354,True,2025-03-16 01:42:55,R_8gmBjllufDmHJoB,,,,,52.6733,-1.1913,anonymous,EN,,,,,,,,,,,,,,,,,,,,,,,,,,,,,,,,,,,,,,,,,,,,,,,,,,,,,,,,,,,,,,,,,,,,,,,,,,,,,,,,,,,,,"Arcteryx, mountain warehouse, trespass, patagonia, North face, columbia, hellyhansen, blacks","The North Face,Berrghaus,Patagonia,Columbia,Salomon,Quachua,Jack Wolfskin,Helly Hensen,Arc'teryx",Agree,Disagree,Agree,Agree,Strongly agree,Somewhat agree,Somewhat agree,Neither agree nor disagree,Somewhat agree,Neither agree nor disagree,Strongly agree,Somewhat agree,Somewhat agree,Agree,Agree,Disagree,Neither agree nor disagree,Somewhat agree,Somewhat agree,Neither agree nor disagree,Neither agree nor disagree,Somewhat disagree,Somewhat agree,Somewhat disagree,Somewhat agree,Neither agree nor disagree,Somewhat agree,Agree,Somewhat agree,Neither agree nor disagree,Neither agree nor disagree,Somewhat agree,Somewhat agree,18–24,Male,"£500 - £1,000",Every few months,£50–£100,"Online retailers,Department stores,Sustainable fashion brands","Style/fashion trends,Comfort,Sustainability",C
2025-03-16 05:38:37,2025-03-16 06:07:44,IP Address,49.229.151.109,100,1747,True,2025-03-16 06:07:45,R_9gT5FkooIXTH33t,,,,,13.7101,100.4543,anonymous,EN,"Uniqlo & Muji ","Acronym,Undercover,Stussy,Nanamica,Carhartt",Strongly disagree,Strongly disagree,Strongly disagree,Strongly disagree,Strongly disagree,Somewhat agree,Agree,Somewhat agree,Agree,Neither agree nor disagree,Somewhat agree,Somewhat agree,Agree,Agree,Agree,Agree,Agree,Agree,Agree,"Kathmandu, The North Face, Canada Goose, Nike","The North Face,Patagonia,Salomon,Arc'teryx",Strongly agree,Strongly agree,Agree,Agree,Agree,Agree,Agree,Agree,Agree,Somewhat agree,Strongly agree,Strongly agree,Strongly agree,Strongly agree,Strongly agree,Neither agree nor disagree,Strongly agree,Strongly agree,Somewhat agree,,,,,,,,,,,,,,,,,,,,,,,,,,,,,,,,,,,,,,,,,,,,,,,,,,,,,,,,,,,,,,,,,,,,,,,,,,,,,,18–24,Female,"£1,000 - £1,500",Every few months,£100–£200,"Online retailers,Sustainable fashion brands","Style/fashion trends,Sustainability",A
2025-03-16 07:39:13,2025-03-16 07:45:54,IP Address,148.252.147.101,100,400,True,2025-03-16 07:45:54,R_8E7BnWRAzbegoqB,,,,,51.4964,-0.1224,anonymous,EN,,,,,,,,,,,,,,,,,,,,,,,,,,,,,,,,,,,,,,,,,,,,,,,,,,,,,,,,,,,,,,,,,,,,,,,,,,,,,,,,,,,,,"salomons, carhartt, jack wolfskin, babor","The North Face,Patagonia,Columbia,Salomon,Jack Wolfskin,Arc'teryx",Somewhat agree,Somewhat agree,Neither agree nor disagree,Agree,Agree,Disagree,Somewhat agree,Neither agree nor disagree,Somewhat agree,Somewhat disagree,Agree,Neither agree nor disagree,Somewhat agree,Somewhat agree,Agree,Somewhat disagree,Agree,Somewhat disagree,Somewhat disagree,Disagree,Disagree,Strongly disagree,Disagree,Disagree,Agree,Neither agree nor disagree,Neither agree nor disagree,Disagree,Neither agree nor disagree,Somewhat agree,Disagree,Disagree,Agree,18–24,Female,"£1,500 - £2,000",Every few months,£50–£100,"Sustainable fashion brands,Other","Comfort,Brand reputation,Other",C
2025-03-16 08:20:20,2025-03-16 08:27:35,IP Address,80.114.171.107,100,434,True,2025-03-16 08:27:35,R_8tGcDNFMOm5Zn8t,,,,,52.352,4.9392,anonymous,EN,"Nike, Adidas, Supreme, Scotch and Soda, ","On,Carhartt",Disagree,Strongly disagree,Strongly disagree,Disagree,Strongly disagree,Strongly disagree,Somewhat disagree,Strongly disagree,Somewhat disagree,Disagree,Strongly agree,Somewhat disagree,Agree,Somewhat agree,Somewhat disagree,Disagree,Somewhat agree,Somewhat disagree,Agree,"Patagonia, McKinley","The North Face,Patagonia,Columbia,Salomon,Mammut,Jack Wolfskin",Somewhat agree,Disagree,Disagree,Somewhat disagree,Disagree,Strongly disagree,Somewhat agree,Disagree,Somewhat disagree,Somewhat disagree,Agree,Neither agree nor disagree,Agree,Somewhat disagree,Somewhat agree,Somewhat disagree,Somewhat agree,Strongly disagree,Somewhat disagree,,,,,,,,,,,,,,,,,,,,,,,,,,,,,,,,,,,,,,,,,,,,,,,,,,,,,,,,,,,,,,,,,,,,,,,,,,,,,,18–24,Male,"£500 - £1,000",Every few months,£25–£50,"Online retailers,Department stores","Style/fashion trends,Comfort,Price,Sustainability",A
2025-03-16 09:36:04,2025-03-16 09:46:28,IP Address,92.81.39.141,100,623,True,2025-03-16 09:46:28,R_8f2U1AuL5TcTZAf,,,,,47.1314,27.5657,anonymous,EN,"Tom taylor, zara","On,Carhartt",Neither agree nor disagree,Disagree,Strongly disagree,Disagree,Disagree,Strongly disagree,Strongly disagree,Strongly disagree,Neither agree nor disagree,Neither agree nor disagree,Somewhat agree,Neither agree nor disagree,Neither agree nor disagree,Somewhat agree,Neither agree nor disagree,Neither agree nor disagree,Neither agree nor disagree,Neither agree nor disagree,Agree,"Mamut, salomon, ","The North Face,Berrghaus,Patagonia,Columbia,Salomon,Mammut,Jack Wolfskin,Helly Hensen",Neither agree nor disagree,Disagree,Disagree,Disagree,Disagree,Disagree,Somewhat agree,Disagree,Neither agree nor disagree,Neither agree nor disagree,Neither agree nor disagree,Neither agree nor disagree,Neither agree nor disagree,Neither agree nor disagree,Neither agree nor disagree,Neither agree nor disagree,Neither agree nor disagree,Neither agree nor disagree,Somewhat agree,,,,,,,,,,,,,,,,,,,,,,,,,,,,,,,,,,,,,,,,,,,,,,,,,,,,,,,,,,,,,,,,,,,,,,,,,,,,,,45–54,Male,"Over £2,500",Rarely,£50–£100,Department stores,"Comfort,Price,Brand reputation",A
2025-03-16 10:16:40,2025-03-16 10:24:26,IP Address,82.79.135.68,100,465,True,2025-03-16 10:24:26,R_2eerRmwrKG7knUT,,,,,47.1672,27.6083,anonymous,EN,,,,,,,,,,,,,,,,,,,,,,,,,,,,,,,,,,,,,,,,,,,,,,,,,,,,,,,,,,,,,,,,,,,,,,,,,,,,,,,,,,,,,"Nike, Columbia, Patagonia, The North Face","The North Face,Patagonia,Columbia,Salomon,Quachua,Jack Wolfskin",Strongly disagree,Strongly disagree,Strongly disagree,Strongly disagree,Strongly disagree,Disagree,Somewhat agree,Neither agree nor disagree,Agree,Neither agree nor disagree,Agree,Disagree,Neither agree nor disagree,Agree,Neither agree nor disagree,Somewhat disagree,Neither agree nor disagree,Somewhat agree,Agree,Disagree,Somewhat disagree,Somewhat disagree,Somewhat disagree,Disagree,Agree,Disagree,Neither agree nor disagree,Agree,Somewhat agree,Agree,Disagree,Agree,Somewhat disagree,25–34,Female,Below £500,Every few months,£25–£50,"Online retailers,Fast fashion brands,Sustainable fashion brands","Style/fashion trends,Comfort,Price",C
2025-03-16 10:40:53,2025-03-16 10:44:57,IP Address,62.56.38.47,100,244,True,2025-03-16 10:44:58,R_81hHSLd56iprJHt,,,,,51.462,0.1046,anonymous,EN,"Nike
H&m
Uniqlo",Stone Island,Strongly disagree,Strongly disagree,Strongly disagree,Strongly disagree,Strongly disagree,Strongly disagree,Strongly disagree,Strongly disagree,Somewhat disagree,Disagree,Strongly agree,Neither agree nor disagree,Neither agree nor disagree,Agree,Agree,Disagree,Somewhat agree,Disagree,Neither agree nor disagree,"North face
Regatta
Nike
Adidas
","The North Face,Patagonia,Jack Wolfskin",Strongly disagree,Strongly disagree,Strongly disagree,Strongly disagree,Strongly disagree,Strongly disagree,Strongly disagree,Strongly disagree,Disagree,Disagree,Strongly agree,Neither agree nor disagree,Somewhat agree,Neither agree nor disagree,Somewhat disagree,Strongly disagree,Somewhat agree,Strongly disagree,Somewhat disagree,,,,,,,,,,,,,,,,,,,,,,,,,,,,,,,,,,,,,,,,,,,,,,,,,,,,,,,,,,,,,,,,,,,,,,,,,,,,,,18–24,Female,"£1,500 - £2,000",Every few months,Under £25,"Online retailers,Department stores,Other","Style/fashion trends,Comfort,Price,Brand reputation,Sustainability",A
2025-03-16 11:00:42,2025-03-16 11:10:52,IP Address,97.105.23.131,100,610,True,2025-03-16 11:10:53,R_59tjQxylqGfUz8B,,,,,32.8477,-96.7025,anonymous,EN,,,,,,,,,,,,,,,,,,,,,,,,,,,,,,,,,,,,,,,,,,,,,,,,,,,,,,,,,,,,,,,,,,,,,,,,,,,,,,,,,,,,,"Simond, Salomon, Mamouth, Columbia, Northface, Garmin","The North Face,Columbia,Salomon,Mammut,Quachua,Jack Wolfskin,Helly Hensen",Neither agree nor disagree,Strongly disagree,Strongly disagree,Strongly disagree,Strongly disagree,Strongly disagree,Disagree,Disagree,Disagree,Somewhat disagree,Disagree,Neither agree nor disagree,Neither agree nor disagree,Neither agree nor disagree,Somewhat disagree,Neither agree nor disagree,Somewhat agree,Neither agree nor disagree,Somewhat disagree,Strongly disagree,Disagree,Somewhat disagree,Somewhat agree,Neither agree nor disagree,Agree,Neither agree nor disagree,Somewhat disagree,Somewhat disagree,Somewhat agree,Neither agree nor disagree,Somewhat disagree,Somewhat disagree,Neither agree nor disagree,45–54,Male,"Over £2,500",Every few months,£25–£50,"Online retailers,Department stores","Style/fashion trends,Comfort,Price",C
2025-03-16 12:49:15,2025-03-16 12:52:59,IP Address,209.35.70.80,100,224,True,2025-03-16 12:53:00,R_2wiVeU3M9J6p50l,,,,,51.477,-0.1959,anonymous,EN,,,,,,,,,,,,,,,,,,,,,,,,,,,,,,,,,,,,,,,,,,,,,,,,,,,,,,,,,,,,,,,,,,,,,,,,,,,,,,,,,,,,,"Nike, Adidas","The North Face,Patagonia,Columbia,Salomon,Arc'teryx",Strongly disagree,Somewhat disagree,Disagree,Somewhat agree,Strongly agree,Neither agree nor disagree,Somewhat agree,Somewhat disagree,Neither agree nor disagree,Somewhat disagree,Agree,Disagree,Neither agree nor disagree,Somewhat agree,Agree,Somewhat agree,Somewhat agree,Disagree,Neither agree nor disagree,Neither agree nor disagree,Somewhat agree,Somewhat disagree,Somewhat agree,Somewhat disagree,Somewhat disagree,Somewhat disagree,Neither agree nor disagree,Somewhat agree,Agree,Somewhat disagree,Neither agree nor disagree,Somewhat agree,Somewhat disagree,18–24,Female,"£1,500 - £2,000",Monthly,£100–£200,"Online retailers,Luxury boutiques,Department stores,Fast fashion brands","Style/fashion trends,Comfort",C
2025-03-15 18:59:45,2025-03-16 14:08:56,IP Address,104.28.40.114,100,68950,True,2025-03-16 14:08:57,R_8Nggrnt0jeGTHBx,,,,,52.4867,-1.8989,anonymous,EN,,,,,,,,,,,,,,,,,,,,,,,,,,,,,,,,,,,,,,,,,,,,,,,,,,,,,,,,,,,,,,,,,,,,,,,,,,,,,,,,,,,,,North Face,"The North Face,Arc'teryx",Disagree,Neither agree nor disagree,Somewhat agree,Agree,Agree,Neither agree nor disagree,Somewhat agree,Agree,Agree,Somewhat agree,Agree,Agree,Agree,Somewhat agree,Somewhat disagree,Somewhat agree,Somewhat agree,Somewhat disagree,Disagree,Strongly agree,Agree,Strongly agree,Agree,Agree,Strongly agree,Agree,Agree,Somewhat agree,Agree,Agree,Agree,Agree,Somewhat agree,18–24,Male,"£1,000 - £1,500",Monthly,£100–£200,Department stores,"Style/fashion trends,Brand reputation",C
2025-03-16 14:26:19,2025-03-16 14:32:49,IP Address,79.118.88.204,100,390,True,2025-03-16 14:32:50,R_2lWXYWHsWE69Wop,,,,,47.1672,27.6083,anonymous,EN,,,,,,,,,,,,,,,,,,,,,,,,,,,,,,,,,,,,,,,,,,,"Zara,hm,mohito,mango,","The North Face,Columbia,Salomon,Mammut,Quachua",Agree,Agree,Agree,Agree,Agree,Agree,Agree,Agree,Agree,Agree,Agree,Agree,Agree,Somewhat agree,Somewhat agree,Strongly agree,Strongly agree,Somewhat agree,Somewhat agree,Columbia,Stone Island,Agree,Agree,Agree,Agree,Agree,Somewhat agree,Somewhat agree,Somewhat agree,Agree,Agree,Agree,Agree,Agree,Somewhat agree,Somewhat agree,Somewhat agree,Somewhat agree,Somewhat agree,Somewhat agree,,,,,,,,,,,,,,,,,,,,,,,,,,,,,,,,,,,,45–54,Female,"£500 - £1,000",Monthly,£50–£100,"Online retailers,Fast fashion brands,Other","Comfort,Other",B
2025-03-16 15:01:58,2025-03-16 15:05:35,IP Address,51.190.216.49,100,216,True,2025-03-16 15:05:36,R_8Lcqsz955d7W8cJ,,,,,51.4781,-0.0279,anonymous,EN,,,,,,,,,,,,,,,,,,,,,,,,,,,,,,,,,,,,,,,,,,,,,,,,,,,,,,,,,,,,,,,,,,,,,,,,,,,,,,,,,,,,,"North face, Patagonia, Fjallraven, Salomon","The North Face,Patagonia,Columbia,Salomon,Quachua",Strongly disagree,Strongly disagree,Strongly disagree,Strongly disagree,Strongly disagree,Strongly disagree,Somewhat agree,Strongly disagree,Somewhat agree,Strongly disagree,Somewhat agree,Somewhat agree,Neither agree nor disagree,Disagree,Agree,Disagree,Somewhat agree,Somewhat agree,Somewhat disagree,Disagree,Somewhat agree,Somewhat disagree,Somewhat disagree,Disagree,Somewhat agree,Somewhat agree,Agree,Agree,Somewhat agree,Somewhat disagree,Agree,Agree,Strongly agree,18–24,Female,"£1,000 - £1,500",Monthly,£50–£100,"Online retailers,Luxury boutiques","Style/fashion trends,Comfort,Price",C
2025-03-16 17:12:42,2025-03-16 17:16:01,IP Address,152.37.118.234,100,198,True,2025-03-16 17:16:01,R_8KxwInn2pKVVCpo,,,,,51.5064,-0.02,anonymous,EN,,,,,,,,,,,,,,,,,,,,,,,,,,,,,,,,,,,,,,,,,,,,,,,,,,,,,,,,,,,,,,,,,,,,,,,,,,,,,,,,,,,,,"Nike adidas arcteryx Patagonia under armour Solomon swix ","The North Face,Patagonia,Columbia,Salomon,Helly Hensen,Arc'teryx",Agree,Somewhat agree,Somewhat disagree,Somewhat disagree,Neither agree nor disagree,Somewhat agree,Somewhat agree,Somewhat agree,Somewhat agree,Neither agree nor disagree,Agree,Agree,Agree,Agree,Agree,Somewhat disagree,Agree,Agree,Agree,Somewhat disagree,Somewhat disagree,Somewhat disagree,Somewhat disagree,Somewhat disagree,Agree,Agree,Agree,Somewhat agree,Somewhat agree,Somewhat disagree,Somewhat agree,Somewhat agree,Somewhat agree,18–24,Female,"£500 - £1,000",Monthly,£25–£50,"Online retailers,Fast fashion brands,Sustainable fashion brands,Other","Style/fashion trends,Comfort,Price,Brand reputation,Sustainability",C
2025-03-16 17:13:58,2025-03-16 17:21:24,IP Address,81.141.76.26,100,445,True,2025-03-16 17:21:25,R_8zpCsOb3oXclPUn,,,,,51.607,0.4036,anonymous,EN,"Uniqlo, arket, cos ","On,Stussy,Stone Island,Carhartt",Neither agree nor disagree,Disagree,Somewhat disagree,Disagree,Disagree,Neither agree nor disagree,Somewhat agree,Somewhat disagree,Neither agree nor disagree,Neither agree nor disagree,Somewhat agree,Neither agree nor disagree,Neither agree nor disagree,Somewhat agree,Somewhat agree,Somewhat disagree,Somewhat agree,Neither agree nor disagree,Somewhat agree,"The north face, regatta, Uniqlo","The North Face,Berrghaus,Quachua,Jack Wolfskin",Somewhat disagree,Somewhat disagree,Somewhat disagree,Disagree,Somewhat disagree,Somewhat disagree,Somewhat disagree,Somewhat disagree,Neither agree nor disagree,Neither agree nor disagree,Somewhat agree,Neither agree nor disagree,Neither agree nor disagree,Neither agree nor disagree,Somewhat agree,Somewhat disagree,Somewhat agree,Somewhat disagree,Somewhat agree,,,,,,,,,,,,,,,,,,,,,,,,,,,,,,,,,,,,,,,,,,,,,,,,,,,,,,,,,,,,,,,,,,,,,,,,,,,,,,18–24,Female,Below £500,Monthly,Under £25,"Online retailers,Department stores,Fast fashion brands,Sustainable fashion brands","Style/fashion trends,Comfort,Price",A
2025-03-16 17:25:04,2025-03-16 17:28:03,IP Address,62.232.118.210,100,179,True,2025-03-16 17:28:04,R_8ckplIzoUK5Z4YN,,,,,51.5902,0.2015,anonymous,EN,,,,,,,,,,,,,,,,,,,,,,,,,,,,,,,,,,,,,,,,,,,"Patagonia , north face","The North Face,Patagonia,Columbia,Salomon,Jack Wolfskin",Strongly disagree,Strongly disagree,Strongly disagree,Strongly disagree,Strongly disagree,Somewhat disagree,Somewhat agree,Neither agree nor disagree,Somewhat agree,Neither agree nor disagree,Agree,Somewhat agree,Neither agree nor disagree,Somewhat agree,Somewhat agree,Neither agree nor disagree,Strongly agree,Somewhat agree,Somewhat agree,North Face,"Stussy,Stone Island,Carhartt",Neither agree nor disagree,Somewhat agree,Agree,Somewhat disagree,Strongly disagree,Somewhat disagree,Neither agree nor disagree,Somewhat agree,Somewhat disagree,Somewhat disagree,Somewhat agree,Somewhat disagree,Agree,Somewhat agree,Agree,Agree,Neither agree nor disagree,Strongly agree,Agree,,,,,,,,,,,,,,,,,,,,,,,,,,,,,,,,,,,,18–24,Male,"£1,000 - £1,500",Monthly,£50–£100,"Online retailers,Luxury boutiques,Department stores,Fast fashion brands","Style/fashion trends,Price,Brand reputation",B
2025-03-16 17:22:45,2025-03-16 17:28:20,IP Address,82.132.232.126,100,335,True,2025-03-16 17:28:21,R_2luxMivxrRktPZx,,,,,51.5638,-0.0765,anonymous,EN,"North Face, Columbia, Solomons, Timberlands, Doc Martens","On,Acronym,Undercover,Stussy,Goldwin,Nanamica,Stone Island,Carhartt",Strongly disagree,Strongly disagree,Strongly disagree,Strongly disagree,Strongly disagree,Strongly disagree,Strongly disagree,Strongly disagree,Strongly disagree,Strongly disagree,Strongly agree,Strongly disagree,Strongly disagree,Strongly disagree,Strongly agree,Strongly disagree,Neither agree nor disagree,Strongly disagree,Strongly disagree,"North Face, Columbia","The North Face,Berrghaus,Patagonia,Columbia,Salomon,Arc'teryx",Agree,Agree,Agree,Agree,Agree,Strongly disagree,Strongly agree,Strongly disagree,Somewhat agree,Agree,Strongly agree,Agree,Somewhat agree,Somewhat agree,Strongly agree,Somewhat disagree,Strongly agree,Neither agree nor disagree,Somewhat agree,,,,,,,,,,,,,,,,,,,,,,,,,,,,,,,,,,,,,,,,,,,,,,,,,,,,,,,,,,,,,,,,,,,,,,,,,,,,,,18–24,Male,"£500 - £1,000",Monthly,£100–£200,"Online retailers,Luxury boutiques,Department stores,Fast fashion brands,Sustainable fashion brands","Style/fashion trends,Price,Brand reputation",A
2025-03-17 16:24:08,2025-03-17 16:31:26,IP Address,158.143.155.104,100,437,True,2025-03-17 16:31:27,R_2U3pj7jHRkQmRsB,,,,,51.5017,-0.0617,anonymous,EN,,,,,,,,,,,,,,,,,,,,,,,,,,,,,,,,,,,,,,,,,,,,,,,,,,,,,,,,,,,,,,,,,,,,,,,,,,,,,,,,,,,,,"The North face, arcteryx, patagonia, Columbia ","The North Face,Patagonia,Columbia,Salomon,Mammut,Arc'teryx",Agree,Strongly agree,Somewhat agree,Agree,Strongly agree,Agree,Agree,Agree,Agree,Somewhat agree,Agree,Neither agree nor disagree,Neither agree nor disagree,Agree,Agree,Somewhat agree,Somewhat agree,Somewhat agree,Neither agree nor disagree,Somewhat disagree,Disagree,Disagree,Somewhat disagree,Disagree,Disagree,Neither agree nor disagree,Somewhat disagree,Somewhat disagree,Strongly disagree,Strongly disagree,Strongly disagree,Somewhat disagree,Strongly agree,18–24,Female,"£1,500 - £2,000",Monthly,£200-£500,"Online retailers,Luxury boutiques,Department stores,Fast fashion brands","Style/fashion trends,Comfort",C
2025-03-17 16:24:41,2025-03-17 16:35:03,IP Address,58.84.143.17,100,622,True,2025-03-17 16:35:04,R_7ps9To6hBkMLg5r,,,,,-33.8715,151.2006,anonymous,EN,,,,,,,,,,,,,,,,,,,,,,,,,,,,,,,,,,,,,,,,,,,"goldwin, arc’teryx, the north face, salomon","The North Face,Patagonia,Columbia,Salomon,Mammut,Jack Wolfskin,Helly Hensen,Arc'teryx",Strongly agree,Strongly agree,Agree,Agree,Strongly agree,Strongly agree,Strongly agree,Strongly agree,Strongly agree,Somewhat agree,Somewhat agree,Somewhat agree,Neither agree nor disagree,Somewhat agree,Somewhat disagree,Somewhat agree,Strongly agree,Somewhat agree,Somewhat agree,"Goldwin, stone island, white mountaineering, snow peak, and wander, acg, arc’teryx ,acronym","On,Acronym,Undercover,Stussy,Goldwin,Nanamica,Stone Island,Carhartt,Veilance",Disagree,Disagree,Disagree,Neither agree nor disagree,Disagree,Strongly agree,Strongly agree,Strongly agree,Somewhat disagree,Somewhat agree,Strongly agree,Strongly agree,Somewhat agree,Agree,Strongly agree,Agree,Strongly agree,Agree,Strongly agree,,,,,,,,,,,,,,,,,,,,,,,,,,,,,,,,,,,,18–24,Male,"£2,000 - £2,500",Monthly,£100–£200,"Online retailers,Department stores,Sustainable fashion brands","Style/fashion trends,Comfort,Price,Brand reputation,Sustainability",B
2025-03-17 16:33:34,2025-03-17 16:41:24,IP Address,35.214.107.177,100,470,True,2025-03-17 16:41:24,R_2QStaWcVuBKy2W4,,,,,51.5088,-0.093,anonymous,EN,,,,,,,,,,,,,,,,,,,,,,,,,,,,,,,,,,,,,,,,,,,,,,,,,,,,,,,,,,,,,,,,,,,,,,,,,,,,,,,,,,,,,arcteryx/ north face/ decent/kolon/ columbia,"The North Face,Patagonia,Columbia,Salomon,Mammut,Jack Wolfskin,Arc'teryx",Agree,Agree,Strongly agree,Strongly agree,Strongly agree,Agree,Strongly agree,Agree,Agree,Somewhat agree,Agree,Agree,Agree,Somewhat agree,Somewhat agree,Agree,Strongly agree,Agree,Neither agree nor disagree,Somewhat agree,Agree,Somewhat agree,Neither agree nor disagree,Somewhat agree,Neither agree nor disagree,Somewhat agree,Somewhat agree,Somewhat agree,Somewhat agree,Somewhat agree,Somewhat agree,Somewhat agree,Somewhat agree,18–24,Female,"£1,000 - £1,500",Monthly,£25–£50,"Online retailers,Fast fashion brands","Style/fashion trends,Comfort,Price,Brand reputation",C
2025-03-17 16:45:38,2025-03-17 16:54:18,IP Address,69.31.37.22,100,519,True,2025-03-17 16:54:19,R_3y0zsnMPIV87sel,,,,,42.3574,-71.0618,anonymous,EN,Uniqlo，Lululemon，zara，Alo,"Stussy,Stone Island,Carhartt",Agree,Agree,Neither agree nor disagree,Agree,Agree,Somewhat agree,Somewhat agree,Somewhat agree,Neither agree nor disagree,Neither agree nor disagree,Strongly agree,Somewhat disagree,Neither agree nor disagree,Somewhat agree,Somewhat agree,Neither agree nor disagree,Somewhat agree,Somewhat agree,Agree,"arcteryx ","The North Face,Patagonia,Columbia,Salomon,Mammut,Helly Hensen,Arc'teryx",Strongly agree,Strongly agree,Agree,Strongly agree,Strongly agree,Agree,Agree,Agree,Somewhat disagree,Neither agree nor disagree,Somewhat disagree,Somewhat disagree,Somewhat disagree,Somewhat agree,Somewhat agree,Somewhat disagree,Strongly agree,Strongly agree,Somewhat agree,,,,,,,,,,,,,,,,,,,,,,,,,,,,,,,,,,,,,,,,,,,,,,,,,,,,,,,,,,,,,,,,,,,,,,,,,,,,,,18–24,Male,"£1,000 - £1,500",Every few months,£100–£200,"Online retailers,Department stores,Fast fashion brands,Other","Style/fashion trends,Comfort,Price",A
2025-03-17 16:47:54,2025-03-17 16:54:24,IP Address,103.214.222.143,100,390,True,2025-03-17 16:54:25,R_4ILBTF4WGEIXMj2,,,,,-33.8672,151.1997,anonymous,EN,,,,,,,,,,,,,,,,,,,,,,,,,,,,,,,,,,,,,,,,,,,,,,,,,,,,,,,,,,,,,,,,,,,,,,,,,,,,,,,,,,,,,"Arceryx NorthFace Kailas RAB Columbia Anta Nike Descente ","The North Face,Berrghaus,Columbia,Salomon,Jack Wolfskin,Helly Hensen,Arc'teryx",Agree,Agree,Strongly agree,Somewhat agree,Agree,Agree,Strongly agree,Agree,Somewhat disagree,Somewhat disagree,Agree,Neither agree nor disagree,Somewhat agree,Agree,Neither agree nor disagree,Somewhat agree,Agree,Agree,Neither agree nor disagree,Somewhat disagree,Neither agree nor disagree,Neither agree nor disagree,Disagree,Somewhat disagree,Somewhat disagree,Disagree,Neither agree nor disagree,Somewhat disagree,Neither agree nor disagree,Neither agree nor disagree,Neither agree nor disagree,Somewhat agree,Neither agree nor disagree,18–24,Male,"£1,000 - £1,500",Every few months,£100–£200,"Online retailers,Luxury boutiques,Department stores,Fast fashion brands","Style/fashion trends,Comfort",C
2025-03-17 16:48:01,2025-03-17 16:56:23,IP Address,58.84.143.17,100,501,True,2025-03-17 16:56:23,R_3dKCq8gSjH6ef8l,,,,,-33.8715,151.2006,anonymous,EN,,,,,,,,,,,,,,,,,,,,,,,,,,,,,,,,,,,,,,,,,,,ARCTERYX,"The North Face,Patagonia,Columbia,Salomon,Arc'teryx",Somewhat agree,Strongly agree,Strongly agree,Disagree,Strongly agree,Neither agree nor disagree,Agree,Neither agree nor disagree,Somewhat disagree,Somewhat disagree,Somewhat agree,Agree,Agree,Somewhat agree,Neither agree nor disagree,Somewhat agree,Somewhat agree,Neither agree nor disagree,Somewhat agree,Columbia,"Undercover,Stussy,Stone Island,Carhartt",Disagree,Disagree,Disagree,Disagree,Strongly disagree,Somewhat disagree,Agree,Neither agree nor disagree,Disagree,Disagree,Agree,Agree,Agree,Agree,Agree,Somewhat disagree,Somewhat disagree,Somewhat disagree,Strongly agree,,,,,,,,,,,,,,,,,,,,,,,,,,,,,,,,,,,,18–24,Male,"£500 - £1,000",Every few months,£50–£100,"Department stores,Fast fashion brands","Style/fashion trends,Comfort,Price",B
2025-03-17 16:48:55,2025-03-17 17:00:40,IP Address,58.84.137.152,100,704,True,2025-03-17 17:00:41,R_4ZUfq1KspfeUAJ8,,,,,-33.8399,151.0583,anonymous,EN,,,,,,,,,,,,,,,,,,,,,,,,,,,,,,,,,,,,,,,,,,,"Arcteryx, Mammut, Patagonia, The North Face, Columbia ","The North Face,Patagonia,Columbia,Salomon,Mammut,Arc'teryx",Agree,Agree,Somewhat agree,Somewhat agree,Somewhat agree,Agree,Agree,Agree,Neither agree nor disagree,Neither agree nor disagree,Somewhat agree,Neither agree nor disagree,Neither agree nor disagree,Neither agree nor disagree,Somewhat disagree,Neither agree nor disagree,Somewhat agree,Neither agree nor disagree,Neither agree nor disagree,"Arcteryx, Lululemon ,( actually i don't quite understand the meaning of this question )","Stussy,Stone Island,Carhartt",Disagree,Disagree,Disagree,Strongly disagree,Disagree,Somewhat agree,Somewhat agree,Neither agree nor disagree,Neither agree nor disagree,Neither agree nor disagree,Neither agree nor disagree,Neither agree nor disagree,Neither agree nor disagree,Neither agree nor disagree,Somewhat agree,Neither agree nor disagree,Neither agree nor disagree,Neither agree nor disagree,Neither agree nor disagree,,,,,,,,,,,,,,,,,,,,,,,,,,,,,,,,,,,,18–24,Female,"£2,000 - £2,500",Monthly,£200-£500,"Online retailers,Luxury boutiques,Department stores","Comfort,Price,Sustainability",B
2025-03-17 16:59:43,2025-03-17 17:07:22,IP Address,205.198.65.220,100,458,True,2025-03-17 17:07:23,R_1GoEk8KOGmzXjaS,,,,,22.3539,114.1342,anonymous,EN,"Uniqlo, Muji, Arc’Teryx, The North Face, Nike, Adidas, Lululemon","On,Acronym,Undercover,Stussy,Goldwin,Nanamica,Stone Island,Carhartt,Veilance",Strongly agree,Somewhat agree,Somewhat agree,Strongly agree,Strongly agree,Somewhat agree,Agree,Agree,Disagree,Agree,Agree,Disagree,Somewhat agree,Disagree,Agree,Disagree,Somewhat agree,Somewhat disagree,Agree,"Acronym, The North Face, Arc’’Teryx","The North Face,Patagonia,Columbia,Salomon,Mammut,Quachua,Jack Wolfskin,Helly Hensen,Arc'teryx",Agree,Agree,Agree,Agree,Strongly agree,Agree,Strongly agree,Agree,Disagree,Disagree,Agree,Disagree,Agree,Somewhat disagree,Somewhat disagree,Somewhat agree,Strongly agree,Somewhat disagree,Neither agree nor disagree,,,,,,,,,,,,,,,,,,,,,,,,,,,,,,,,,,,,,,,,,,,,,,,,,,,,,,,,,,,,,,,,,,,,,,,,,,,,,,18–24,Male,"£2,000 - £2,500",Weekly,£100–£200,"Luxury boutiques,Department stores,Sustainable fashion brands",Comfort,A
2025-03-17 16:54:02,2025-03-17 17:07:56,IP Address,149.34.145.68,100,833,True,2025-03-17 17:07:56,R_8dpaeIuEEosmpvV,,,,,51.5128,-0.0638,anonymous,EN,,,,,,,,,,,,,,,,,,,,,,,,,,,,,,,,,,,,,,,,,,,"North Face, Camel ","The North Face,Patagonia,Columbia",Strongly disagree,Somewhat disagree,Somewhat agree,Disagree,Agree,Strongly disagree,Somewhat disagree,Somewhat disagree,Neither agree nor disagree,Neither agree nor disagree,Agree,Neither agree nor disagree,Neither agree nor disagree,Neither agree nor disagree,Neither agree nor disagree,Neither agree nor disagree,Neither agree nor disagree,Neither agree nor disagree,Neither agree nor disagree,"Lululemon ",On,Strongly disagree,Strongly disagree,Strongly disagree,Strongly disagree,Strongly disagree,Strongly disagree,Strongly disagree,Strongly disagree,Neither agree nor disagree,Neither agree nor disagree,Somewhat agree,Neither agree nor disagree,Neither agree nor disagree,Neither agree nor disagree,Neither agree nor disagree,Neither agree nor disagree,Neither agree nor disagree,Neither agree nor disagree,Neither agree nor disagree,,,,,,,,,,,,,,,,,,,,,,,,,,,,,,,,,,,,18–24,Female,"£1,000 - £1,500",Monthly,£100–£200,"Online retailers,Department stores","Style/fashion trends,Comfort,Price",B
2025-03-17 16:53:29,2025-03-17 17:08:38,IP Address,108.5.3.246,100,908,True,2025-03-17 17:08:38,R_5ixIeKtynG57bco,,,,,40.7053,-74.0866,anonymous,EN,ARC'TERYX；CAMEL；The North Face；ACRONYM,"On,Acronym,Undercover,Stussy,Stone Island,Carhartt,Veilance",Somewhat agree,Somewhat disagree,Disagree,Agree,Disagree,Neither agree nor disagree,Somewhat agree,Somewhat agree,Disagree,Somewhat disagree,Agree,Disagree,Neither agree nor disagree,Somewhat agree,Somewhat agree,Somewhat agree,Agree,Agree,Neither agree nor disagree,The North Face；Arc'teryx；Burton,"The North Face,Columbia,Salomon,Arc'teryx",Agree,Agree,Agree,Agree,Agree,Agree,Agree,Agree,Neither agree nor disagree,Somewhat agree,Disagree,Neither agree nor disagree,Somewhat agree,Somewhat agree,Somewhat agree,Somewhat agree,Somewhat agree,Somewhat agree,Somewhat agree,,,,,,,,,,,,,,,,,,,,,,,,,,,,,,,,,,,,,,,,,,,,,,,,,,,,,,,,,,,,,,,,,,,,,,,,,,,,,,18–24,Male,"£1,000 - £1,500",Monthly,£200-£500,Online retailers,Style/fashion trends,A
2025-03-17 17:13:29,2025-03-17 17:19:36,IP Address,158.143.106.199,100,366,True,2025-03-17 17:19:36,R_2JFxKR7IbYofyYG,,,,,51.5081,-0.1278,anonymous,EN,,,,,,,,,,,,,,,,,,,,,,,,,,,,,,,,,,,,,,,,,,,arcteryx,"The North Face,Salomon,Arc'teryx",Somewhat agree,Neither agree nor disagree,Somewhat agree,Somewhat agree,Agree,Somewhat agree,Agree,Agree,Neither agree nor disagree,Agree,Strongly agree,Somewhat agree,Neither agree nor disagree,Somewhat agree,Somewhat agree,Neither agree nor disagree,Somewhat agree,Somewhat disagree,Somewhat disagree,uniqlo northface stussy,Stussy,Strongly disagree,Strongly disagree,Strongly disagree,Strongly disagree,Strongly disagree,Neither agree nor disagree,Agree,Neither agree nor disagree,Somewhat agree,Somewhat agree,Agree,Somewhat disagree,Neither agree nor disagree,Neither agree nor disagree,Somewhat agree,Disagree,Somewhat disagree,Somewhat disagree,Agree,,,,,,,,,,,,,,,,,,,,,,,,,,,,,,,,,,,,18–24,Female,"£1,500 - £2,000",Monthly,£100–£200,"Online retailers,Luxury boutiques,Department stores,Fast fashion brands,Sustainable fashion brands","Style/fashion trends,Comfort,Price,Brand reputation",B
2025-03-17 17:16:53,2025-03-17 17:20:31,IP Address,163.119.42.203,100,218,True,2025-03-17 17:20:31,R_2LbvUYjJu6hPJpn,,,,,51.5245,-0.1567,anonymous,EN,,,,,,,,,,,,,,,,,,,,,,,,,,,,,,,,,,,,,,,,,,,,,,,,,,,,,,,,,,,,,,,,,,,,,,,,,,,,,,,,,,,,,"On, 迪桑特，始祖鸟","The North Face,Patagonia,Columbia,Salomon,Jack Wolfskin,Arc'teryx",Strongly agree,Strongly agree,Somewhat agree,Somewhat agree,Agree,Somewhat disagree,Somewhat agree,Neither agree nor disagree,Somewhat agree,Somewhat disagree,Strongly agree,Somewhat agree,Somewhat agree,Somewhat agree,Somewhat agree,Somewhat agree,Agree,Agree,Agree,Somewhat agree,Somewhat agree,Somewhat agree,Somewhat agree,Neither agree nor disagree,Somewhat agree,Somewhat agree,Somewhat agree,Somewhat agree,Somewhat agree,Somewhat agree,Somewhat agree,Somewhat agree,Somewhat agree,18–24,Male,"£2,000 - £2,500",Every few months,£100–£200,"Online retailers,Luxury boutiques,Department stores,Fast fashion brands","Style/fashion trends,Comfort,Price,Brand reputation",C
2025-03-17 17:13:28,2025-03-17 17:25:30,IP Address,158.143.224.46,100,721,True,2025-03-17 17:25:30,R_8dFYIF86T2qaMBt,,,,,51.4981,-0.0886,anonymous,EN,"Brandy Melville, Muji, Uniqio, Zara, HM, COS, Other stories, Mango, Hollister","On,Stussy,Stone Island",Somewhat disagree,Somewhat agree,Strongly disagree,Neither agree nor disagree,Somewhat agree,Strongly disagree,Somewhat agree,Disagree,Somewhat disagree,Somewhat agree,Agree,Somewhat disagree,Agree,Somewhat disagree,Strongly agree,Neither agree nor disagree,Agree,Somewhat agree,Agree,"Arcteryx, Adidas, Nike, Burton, Decathlon, On","The North Face,Patagonia,Columbia,Salomon,Arc'teryx",Agree,Strongly agree,Somewhat agree,Agree,Strongly agree,Strongly agree,Strongly agree,Strongly agree,Agree,Strongly agree,Strongly agree,Agree,Strongly agree,Strongly agree,Strongly agree,Somewhat agree,Somewhat agree,Somewhat agree,Strongly agree,,,,,,,,,,,,,,,,,,,,,,,,,,,,,,,,,,,,,,,,,,,,,,,,,,,,,,,,,,,,,,,,,,,,,,,,,,,,,,18–24,Female,"£1,000 - £1,500",Monthly,£200-£500,"Online retailers,Fast fashion brands","Style/fashion trends,Brand reputation",A
2025-03-17 17:24:47,2025-03-17 17:28:32,IP Address,158.143.192.233,100,224,True,2025-03-17 17:28:32,R_8cZk7lCIxDzv33P,,,,,51.4981,-0.0886,anonymous,EN,,,,,,,,,,,,,,,,,,,,,,,,,,,,,,,,,,,,,,,,,,,arcteryx,"The North Face,Patagonia,Columbia,Salomon,Mammut,Quachua,Jack Wolfskin,Helly Hensen,Arc'teryx",Strongly agree,Strongly agree,Strongly agree,Strongly agree,Strongly agree,Strongly agree,Strongly agree,Strongly agree,Strongly agree,Agree,Somewhat agree,Agree,Strongly agree,Strongly agree,Neither agree nor disagree,Neither agree nor disagree,Strongly agree,Somewhat agree,Somewhat agree,uniqlo,"On,Undercover,Stussy,Stone Island,Carhartt,Veilance",Strongly agree,Strongly agree,Strongly agree,Somewhat agree,Agree,Disagree,Disagree,Disagree,Neither agree nor disagree,Somewhat disagree,Strongly agree,Agree,Agree,Agree,Agree,Neither agree nor disagree,Strongly agree,Strongly agree,Strongly agree,,,,,,,,,,,,,,,,,,,,,,,,,,,,,,,,,,,,18–24,Male,"£1,500 - £2,000",Monthly,£200-£500,"Online retailers,Luxury boutiques,Fast fashion brands","Style/fashion trends,Comfort,Price,Brand reputation",B
2025-03-17 17:21:53,2025-03-17 17:29:19,IP Address,85.255.232.180,100,445,True,2025-03-17 17:29:19,R_2q8oVCoJbU0bySv,,,,,51.4964,-0.1224,anonymous,EN,"Zara COS ","On,Undercover,Stussy,Nanamica,Stone Island,Carhartt",Somewhat disagree,Disagree,Strongly disagree,Strongly disagree,Strongly disagree,Neither agree nor disagree,Neither agree nor disagree,Neither agree nor disagree,Neither agree nor disagree,Somewhat disagree,Somewhat agree,Somewhat agree,Disagree,Disagree,Somewhat disagree,Somewhat disagree,Somewhat disagree,Somewhat disagree,Somewhat agree,NorthFace,"The North Face,Patagonia,Columbia,Salomon,Arc'teryx",Strongly agree,Strongly agree,Strongly agree,Strongly agree,Strongly agree,Agree,Agree,Agree,Neither agree nor disagree,Somewhat agree,Somewhat agree,Neither agree nor disagree,Somewhat agree,Somewhat agree,Somewhat agree,Somewhat agree,Somewhat agree,Neither agree nor disagree,Neither agree nor disagree,,,,,,,,,,,,,,,,,,,,,,,,,,,,,,,,,,,,,,,,,,,,,,,,,,,,,,,,,,,,,,,,,,,,,,,,,,,,,,18–24,Female,"£1,000 - £1,500",Monthly,£100–£200,"Online retailers,Department stores,Fast fashion brands,Sustainable fashion brands","Style/fashion trends,Price,Brand reputation,Sustainability",A
2025-03-17 17:26:14,2025-03-17 17:35:33,IP Address,209.35.68.215,100,558,True,2025-03-17 17:35:33,R_2cepYvcCLSejwMF,,,,,51.4981,-0.0886,anonymous,EN,,,,,,,,,,,,,,,,,,,,,,,,,,,,,,,,,,,,,,,,,,,,,,,,,,,,,,,,,,,,,,,,,,,,,,,,,,,,,,,,,,,,,"Arcteryx, The North face, Columbia","The North Face,Patagonia,Columbia,Salomon,Helly Hensen,Arc'teryx",Strongly agree,Strongly agree,Somewhat agree,Agree,Agree,Somewhat agree,Strongly agree,Somewhat agree,Agree,Somewhat agree,Agree,Somewhat agree,Agree,Agree,Neither agree nor disagree,Neither agree nor disagree,Strongly agree,Somewhat agree,Somewhat disagree,Neither agree nor disagree,Neither agree nor disagree,Neither agree nor disagree,Neither agree nor disagree,Neither agree nor disagree,Neither agree nor disagree,Somewhat agree,Somewhat agree,Somewhat agree,Somewhat disagree,Neither agree nor disagree,Disagree,Disagree,Agree,18–24,Male,"Over £2,500",Monthly,£200-£500,"Online retailers,Luxury boutiques,Department stores","Style/fashion trends,Comfort,Price,Brand reputation",C
2025-03-17 17:29:36,2025-03-17 17:35:52,IP Address,158.143.117.108,100,376,True,2025-03-17 17:35:52,R_2EbRyLMfe71GiMc,,,,,51.5017,-0.0617,anonymous,EN,,,,,,,,,,,,,,,,,,,,,,,,,,,,,,,,,,,,,,,,,,,"ArcteryX Salomon Alo Lululemon Hoka On StoneIsland ","The North Face,Patagonia,Columbia,Salomon,Arc'teryx",Agree,Strongly agree,Neither agree nor disagree,Strongly agree,Strongly agree,Strongly agree,Agree,Strongly agree,Agree,Somewhat agree,Somewhat agree,Neither agree nor disagree,Neither agree nor disagree,Somewhat agree,Somewhat disagree,Neither agree nor disagree,Somewhat agree,Neither agree nor disagree,Somewhat agree,None,"On,Undercover,Stussy,Goldwin,Nanamica,Stone Island,Carhartt",Strongly disagree,Strongly disagree,Strongly disagree,Strongly disagree,Strongly disagree,Agree,Agree,Agree,Somewhat agree,Somewhat agree,Somewhat agree,Somewhat agree,Somewhat agree,Somewhat agree,Somewhat agree,Somewhat agree,Somewhat agree,Somewhat agree,Somewhat agree,,,,,,,,,,,,,,,,,,,,,,,,,,,,,,,,,,,,25–34,Female,"Over £2,500",Every few months,£100–£200,Luxury boutiques,"Comfort,Price",B
2025-03-17 17:23:47,2025-03-17 17:39:25,IP Address,46.3.240.105,100,938,True,2025-03-17 17:39:26,R_6bNnP0ckiAP5QA1,,,,,22.3539,114.1342,anonymous,EN,,,,,,,,,,,,,,,,,,,,,,,,,,,,,,,,,,,,,,,,,,,"the north face, Arc'teryx, under armor, gap, champion, puma, nike, adidas, Columbia ","The North Face,Columbia,Salomon,Quachua,Jack Wolfskin,Arc'teryx",Agree,Somewhat agree,Somewhat agree,Neither agree nor disagree,Agree,Agree,Agree,Agree,Somewhat agree,Disagree,Disagree,Agree,Neither agree nor disagree,Neither agree nor disagree,Somewhat agree,Somewhat disagree,Strongly agree,Somewhat agree,Neither agree nor disagree,NA,"Undercover,Stussy,Stone Island",Disagree,Disagree,Disagree,Disagree,Neither agree nor disagree,Somewhat agree,Somewhat agree,Somewhat agree,Somewhat agree,Disagree,Disagree,Somewhat agree,Neither agree nor disagree,Neither agree nor disagree,Neither agree nor disagree,Neither agree nor disagree,Neither agree nor disagree,Neither agree nor disagree,Neither agree nor disagree,,,,,,,,,,,,,,,,,,,,,,,,,,,,,,,,,,,,18–24,Male,"£1,500 - £2,000",Rarely,£100–£200,"Online retailers,Department stores","Comfort,Brand reputation",B
2025-03-17 18:33:10,2025-03-17 18:40:36,IP Address,49.227.233.49,100,446,True,2025-03-17 18:40:37,R_9gGhQxIjsyWzHHM,,,,,-41.2971,174.7932,anonymous,EN,,,,,,,,,,,,,,,,,,,,,,,,,,,,,,,,,,,,,,,,,,,,,,,,,,,,,,,,,,,,,,,,,,,,,,,,,,,,,,,,,,,,,"Mountain warehouse , Kathmandu , Patagonia, the north face ","The North Face,Patagonia,Columbia,Helly Hensen",Agree,Somewhat disagree,Strongly disagree,Strongly disagree,Disagree,Somewhat agree,Agree,Somewhat agree,Somewhat agree,Somewhat disagree,Agree,Agree,Somewhat agree,Somewhat agree,Agree,Somewhat agree,Agree,Agree,Somewhat agree,Somewhat agree,Somewhat agree,Somewhat agree,Agree,Somewhat agree,Agree,Agree,Agree,Strongly agree,Neither agree nor disagree,Agree,Agree,Agree,Agree,25–34,Male,"£1,500 - £2,000",Monthly,£100–£200,"Online retailers,Department stores","Style/fashion trends,Comfort,Price",C
2025-03-17 20:25:14,2025-03-17 20:35:39,IP Address,84.3.1.69,100,624,True,2025-03-17 20:35:39,R_82KaSjbFfQ9G9e9,,,,,47.5,19.0412,anonymous,EN,Nike,"On,Acronym,Stussy,Stone Island,Carhartt",Somewhat disagree,Strongly disagree,Strongly disagree,Strongly disagree,Strongly disagree,Disagree,Strongly agree,Somewhat agree,Agree,Strongly disagree,Strongly disagree,Disagree,Strongly disagree,Strongly disagree,Agree,Disagree,Neither agree nor disagree,Strongly disagree,Agree,Nike,"The North Face,Patagonia,Salomon,Mammut,Jack Wolfskin,Helly Hensen,Arc'teryx",Neither agree nor disagree,Neither agree nor disagree,Somewhat disagree,Strongly agree,Strongly agree,Somewhat disagree,Somewhat disagree,Somewhat disagree,Somewhat disagree,Disagree,Somewhat disagree,Disagree,Somewhat disagree,Somewhat disagree,Somewhat agree,Somewhat disagree,Somewhat agree,Strongly disagree,Strongly disagree,,,,,,,,,,,,,,,,,,,,,,,,,,,,,,,,,,,,,,,,,,,,,,,,,,,,,,,,,,,,,,,,,,,,,,,,,,,,,,18–24,Male,"£500 - £1,000",Rarely,£50–£100,Sustainable fashion brands,Sustainability,A
2025-03-17 20:11:53,2025-03-17 21:14:32,IP Address,5.151.134.250,100,3758,True,2025-03-17 21:14:32,R_8Tp1hL4BE39SxKR,,,,,51.5128,-0.0638,anonymous,EN,,,,,,,,,,,,,,,,,,,,,,,,,,,,,,,,,,,,,,,,,,,arcteryx,"The North Face,Salomon,Arc'teryx",Somewhat agree,Agree,Agree,Agree,Agree,Somewhat agree,Somewhat agree,Somewhat agree,Neither agree nor disagree,Neither agree nor disagree,Strongly agree,Agree,Somewhat agree,Somewhat agree,Neither agree nor disagree,Neither agree nor disagree,Somewhat agree,Somewhat disagree,Somewhat disagree,arcteryx,"On,Undercover,Stussy",Strongly disagree,Strongly disagree,Strongly disagree,Strongly disagree,Strongly disagree,Somewhat disagree,Somewhat agree,Neither agree nor disagree,Neither agree nor disagree,Somewhat agree,Agree,Somewhat disagree,Somewhat disagree,Somewhat disagree,Agree,Neither agree nor disagree,Neither agree nor disagree,Disagree,Agree,,,,,,,,,,,,,,,,,,,,,,,,,,,,,,,,,,,,25–34,Male,"£2,000 - £2,500",Every few months,£100–£200,"Online retailers,Department stores","Style/fashion trends,Comfort,Price",B
2025-03-18 00:03:15,2025-03-18 00:16:02,IP Address,223.104.228.26,100,766,True,2025-03-18 00:16:03,R_9LUVkEJejFdoHIz,,,,,39.1424,117.1727,anonymous,EN,,,,,,,,,,,,,,,,,,,,,,,,,,,,,,,,,,,,,,,,,,,Patagonia、Fjallraven、Houdini Sportswear、Kari Traa、Elastique Athletics,"The North Face,Berrghaus,Patagonia,Columbia,Salomon,Jack Wolfskin,Helly Hensen,Arc'teryx",Somewhat agree,Somewhat agree,Somewhat agree,Somewhat agree,Somewhat agree,Somewhat agree,Somewhat agree,Somewhat agree,Somewhat agree,Somewhat agree,Somewhat agree,Somewhat agree,Somewhat agree,Somewhat agree,Somewhat agree,Somewhat agree,Somewhat agree,Somewhat agree,Somewhat agree,cos,"On,Acronym,Undercover,Stussy,Nanamica,Stone Island,Carhartt",Somewhat agree,Somewhat agree,Somewhat agree,Somewhat agree,Somewhat agree,Somewhat agree,Somewhat agree,Somewhat agree,Somewhat agree,Somewhat agree,Somewhat agree,Somewhat agree,Somewhat agree,Somewhat agree,Somewhat agree,Somewhat agree,Somewhat agree,Somewhat agree,Somewhat agree,,,,,,,,,,,,,,,,,,,,,,,,,,,,,,,,,,,,18–24,Female,"£1,500 - £2,000",Every few months,£200-£500,"Online retailers,Luxury boutiques,Department stores,Fast fashion brands","Comfort,Price,Brand reputation",B
2025-03-18 00:42:22,2025-03-18 00:45:51,IP Address,123.20.74.139,100,208,True,2025-03-18 00:45:52,R_6rVW6JA53OSabT3,,,,,10.822,106.6257,anonymous,EN,,,,,,,,,,,,,,,,,,,,,,,,,,,,,,,,,,,,,,,,,,,,,,,,,,,,,,,,,,,,,,,,,,,,,,,,,,,,,,,,,,,,,"Uniqlo, H&M",The North Face,Disagree,Disagree,Disagree,Disagree,Disagree,Disagree,Somewhat disagree,Neither agree nor disagree,Neither agree nor disagree,Disagree,Agree,Neither agree nor disagree,Neither agree nor disagree,Neither agree nor disagree,Agree,Somewhat disagree,Neither agree nor disagree,Neither agree nor disagree,Agree,Disagree,Somewhat disagree,Disagree,Somewhat agree,Disagree,Agree,Somewhat agree,Somewhat agree,Somewhat agree,Agree,Disagree,Somewhat disagree,Disagree,Somewhat agree,18–24,Male,"£1,000 - £1,500",Monthly,£50–£100,"Online retailers,Department stores,Sustainable fashion brands","Price,Brand reputation,Sustainability",C
2025-03-18 01:01:31,2025-03-18 01:05:24,IP Address,163.53.144.41,100,232,True,2025-03-18 01:05:25,R_4ZIkUvjjd25I9RD,,,,,-33.8672,151.1997,anonymous,EN,,,,,,,,,,,,,,,,,,,,,,,,,,,,,,,,,,,,,,,,,,,adidas,"The North Face,Columbia",Somewhat disagree,Agree,Agree,Somewhat agree,Somewhat disagree,Disagree,Somewhat disagree,Disagree,Neither agree nor disagree,Neither agree nor disagree,Neither agree nor disagree,Neither agree nor disagree,Neither agree nor disagree,Neither agree nor disagree,Neither agree nor disagree,Neither agree nor disagree,Neither agree nor disagree,Neither agree nor disagree,Neither agree nor disagree,Adidas,Stussy,Somewhat disagree,Somewhat disagree,Somewhat disagree,Somewhat disagree,Somewhat disagree,Neither agree nor disagree,Neither agree nor disagree,Neither agree nor disagree,Neither agree nor disagree,Neither agree nor disagree,Neither agree nor disagree,Neither agree nor disagree,Neither agree nor disagree,Somewhat disagree,Strongly agree,Strongly agree,Strongly agree,Somewhat agree,Somewhat agree,,,,,,,,,,,,,,,,,,,,,,,,,,,,,,,,,,,,18–24,Male,"£500 - £1,000",Every few months,£25–£50,Other,"Style/fashion trends,Comfort,Price,Brand reputation,Sustainability",B
2025-03-18 01:01:27,2025-03-18 01:11:06,IP Address,109.202.243.13,100,579,True,2025-03-18 01:11:07,R_2Ba3vPhHDBCLAE4,,,,,51.4828,-0.1371,anonymous,EN,,,,,,,,,,,,,,,,,,,,,,,,,,,,,,,,,,,,,,,,,,,,,,,,,,,,,,,,,,,,,,,,,,,,,,,,,,,,,,,,,,,,,north face,"The North Face,Salomon,Jack Wolfskin,Arc'teryx",Agree,Strongly agree,Strongly agree,Strongly agree,Strongly agree,Strongly agree,Strongly agree,Strongly agree,Strongly agree,Neither agree nor disagree,Strongly agree,Somewhat agree,Agree,Strongly agree,Agree,Agree,Somewhat agree,Agree,Strongly agree,Somewhat agree,Somewhat agree,Somewhat agree,Somewhat agree,Somewhat agree,Neither agree nor disagree,Somewhat agree,Neither agree nor disagree,Agree,Somewhat disagree,Agree,Neither agree nor disagree,Somewhat agree,Agree,18–24,Female,"Over £2,500",Monthly,£200-£500,"Luxury boutiques,Department stores","Style/fashion trends,Comfort,Brand reputation",C
2025-03-18 01:42:33,2025-03-18 01:48:57,IP Address,222.252.55.199,100,383,True,2025-03-18 01:48:58,R_4BmV4679bzfuBMj,,,,,21.0184,105.8461,anonymous,EN,,,,,,,,,,,,,,,,,,,,,,,,,,,,,,,,,,,,,,,,,,,,,,,,,,,,,,,,,,,,,,,,,,,,,,,,,,,,,,,,,,,,,"Arcteryx, Northface, Columbia ","The North Face,Patagonia,Columbia,Salomon,Arc'teryx",Strongly agree,Strongly agree,Somewhat agree,Strongly agree,Neither agree nor disagree,Agree,Agree,Agree,Neither agree nor disagree,Somewhat agree,Agree,Agree,Somewhat agree,Somewhat disagree,Neither agree nor disagree,Neither agree nor disagree,Agree,Somewhat disagree,Somewhat disagree,Somewhat disagree,Somewhat disagree,Somewhat disagree,Somewhat disagree,Neither agree nor disagree,Neither agree nor disagree,Neither agree nor disagree,Neither agree nor disagree,Somewhat agree,Somewhat disagree,Neither agree nor disagree,Somewhat disagree,Agree,Somewhat agree,18–24,Male,"£500 - £1,000",Every few months,£200-£500,"Online retailers,Luxury boutiques,Department stores,Fast fashion brands","Style/fashion trends,Comfort,Price,Brand reputation",C
2025-03-18 11:17:22,2025-03-18 11:24:03,IP Address,113.185.42.237,100,401,True,2025-03-18 11:24:04,R_3gXM3RbiUiQFh6x,,,,,21.0184,105.8461,anonymous,EN,,,,,,,,,,,,,,,,,,,,,,,,,,,,,,,,,,,,,,,,,,,,,,,,,,,,,,,,,,,,,,,,,,,,,,,,,,,,,,,,,,,,,Uniqlo,"The North Face,Patagonia,Columbia",Strongly disagree,Strongly disagree,Strongly disagree,Strongly disagree,Strongly disagree,Disagree,Disagree,Strongly disagree,Disagree,Strongly disagree,Disagree,Somewhat disagree,Somewhat disagree,Disagree,Agree,Agree,Agree,Agree,Somewhat agree,Disagree,Disagree,Strongly disagree,Disagree,Strongly disagree,Disagree,Somewhat disagree,Somewhat disagree,Somewhat disagree,Agree,Agree,Neither agree nor disagree,Disagree,Somewhat agree,18–24,Female,"£1,000 - £1,500",Every few months,£50–£100,"Online retailers,Department stores","Style/fashion trends,Comfort,Price",C
2025-03-18 13:14:09,2025-03-18 13:34:11,IP Address,59.153.225.212,100,1202,True,2025-03-18 13:34:12,R_4atci3wBawJoljo,,,,,21.0184,105.8461,anonymous,EN,"jaded london, polly princess, the north face, levis, diesel, amiri, calvin klein, balmain, armani, guess, hugo","Undercover,Stussy,Carhartt",Somewhat agree,Strongly disagree,Strongly disagree,Strongly disagree,Strongly disagree,Somewhat disagree,Somewhat disagree,Disagree,Disagree,Disagree,Agree,Somewhat agree,Neither agree nor disagree,Somewhat agree,Agree,Somewhat agree,Agree,Agree,Agree,uniqlo,The North Face,Somewhat agree,Somewhat disagree,Strongly disagree,Strongly disagree,Strongly disagree,Somewhat agree,Somewhat agree,Somewhat agree,Agree,Somewhat agree,Agree,Agree,Agree,Neither agree nor disagree,Neither agree nor disagree,Neither agree nor disagree,Strongly agree,Neither agree nor disagree,Neither agree nor disagree,,,,,,,,,,,,,,,,,,,,,,,,,,,,,,,,,,,,,,,,,,,,,,,,,,,,,,,,,,,,,,,,,,,,,,,,,,,,,,18–24,Female,"£500 - £1,000",Monthly,£50–£100,"Online retailers,Luxury boutiques,Department stores,Sustainable fashion brands,Other","Style/fashion trends,Comfort",A
2025-03-18 13:41:06,2025-03-18 13:54:02,IP Address,37.203.151.209,100,775,True,2025-03-18 13:54:02,R_8jJUGIllL0PGX4Y,,,,,53.4809,-2.2374,anonymous,EN,,,,,,,,,,,,,,,,,,,,,,,,,,,,,,,,,,,,,,,,,,,,,,,,,,,,,,,,,,,,,,,,,,,,,,,,,,,,,,,,,,,,,"Patagonia, Arcteryx, TNF, Adidas, Nike, Canada Goose, Jack Wolfskin, Salomon","The North Face,Patagonia,Columbia,Salomon,Jack Wolfskin,Arc'teryx",Agree,Neither agree nor disagree,Agree,Neither agree nor disagree,Agree,Disagree,Disagree,Disagree,Disagree,Strongly disagree,Neither agree nor disagree,Strongly disagree,Neither agree nor disagree,Somewhat disagree,Disagree,Agree,Agree,Somewhat disagree,Neither agree nor disagree,Disagree,Somewhat disagree,Disagree,Somewhat disagree,Disagree,Somewhat agree,Disagree,Neither agree nor disagree,Neither agree nor disagree,Somewhat disagree,Disagree,Disagree,Neither agree nor disagree,Agree,18–24,Male,"£500 - £1,000",Every few months,£50–£100,"Online retailers,Luxury boutiques,Fast fashion brands","Style/fashion trends,Comfort,Price,Brand reputation",C
2025-03-19 14:05:41,2025-03-19 14:12:06,IP Address,158.143.112.162,100,384,True,2025-03-19 14:12:06,R_8HAg9bBgncEYR3J,,,,,51.4981,-0.0886,anonymous,EN,,,,,,,,,,,,,,,,,,,,,,,,,,,,,,,,,,,,,,,,,,,"North Face, UnderArmour, Nike, Adidas, Puma, ","The North Face,Berrghaus,Patagonia,Columbia,Quachua",Strongly disagree,Strongly disagree,Strongly disagree,Strongly disagree,Strongly disagree,Disagree,Disagree,Disagree,Somewhat agree,Somewhat disagree,Somewhat disagree,Disagree,Somewhat agree,Neither agree nor disagree,Somewhat agree,Neither agree nor disagree,Somewhat agree,Strongly disagree,Neither agree nor disagree,"Superdry, H&M, Adidas Originals, CK","On,Undercover,Carhartt",Strongly disagree,Strongly disagree,Strongly disagree,Strongly disagree,Strongly disagree,Strongly disagree,Strongly disagree,Strongly disagree,Strongly disagree,Strongly disagree,Agree,Agree,Neither agree nor disagree,Neither agree nor disagree,Somewhat agree,Somewhat agree,Somewhat agree,Somewhat disagree,Neither agree nor disagree,,,,,,,,,,,,,,,,,,,,,,,,,,,,,,,,,,,,18–24,Male,"£500 - £1,000",Monthly,£25–£50,"Online retailers,Department stores,Fast fashion brands,Other","Style/fashion trends,Price,Brand reputation",B
